B,CAPE,dh,sat_def,P
0.0,0.0,6.8748288989881985,0.008759300708558274,0.0
31.05830090339653,1552.915045169826,-2933.0382707669414,0.00818260973283107,0.5263157894736842
54.31677355640177,2715.8386778200884,-5089.517604759923,0.007707808066647077,1.0526315789473684
73.20794035205518,3660.3970176027588,-6738.495773409493,0.007305985732296887,1.5789473684210527
89.22088712087756,4461.044356043877,-8035.618512176938,0.0069225901981637165,2.1052631578947367
103.16321051694314,5158.160525847156,-9075.908147534152,0.006621558015655472,2.631578947368421
115.53112204294243,5776.556102147122,-9922.279268717779,0.0063544173745201694,3.1578947368421053
126.65500381353735,6332.750190676867,-10618.262970096417,0.006115053064362841,3.6842105263157894
136.76775827135845,6838.387913567921,-11195.138087715393,0.005871092901826568,4.2105263157894735
146.04045294246527,7302.022647123264,-11676.319093401631,0.0056760832225206,4.7368421052631575
154.60300939625387,7730.150469812692,-12078.960639815254,0.005497631502371955,5.263157894736842
162.55667991986016,8127.833995993008,-12416.622764210799,0.005333498440419573,5.789473684210526
169.98204934733542,8499.102467366767,-12699.97738081748,0.0051818567566736685,6.315789473684211
176.94435611392225,8847.217805696113,-12937.547319131161,0.005041196189871082,6.842105263157895
183.49734485403357,9174.86724270168,-13136.225529348194,0.004910255329252281,7.368421052631579
189.6857381337028,9484.286906685138,-13301.649677892674,0.004787969803935721,7.894736842105263
195.54721234783966,9777.360617391982,-13438.666708297511,0.004654189934476167,8.421052631578947
201.1138583711563,10055.69291855781,-13550.966581024702,0.004547345773318741,8.947368421052632
206.41322153967837,10320.661076983915,-13641.78920840189,0.004446746900472711,9.473684210526315
211.46912979569134,10573.45648978457,-13713.889110796976,0.00435181689164009,10.0
0.0,0.0,6.8748288989881985,0.008582303886856824,0.0
30.462397845787258,1523.1198922893627,-2878.045744525036,0.008028985129315835,0.5263157894736842
53.31278119733842,2665.63905986692,-5000.227394170681,0.007572429827313005,1.0526315789473684
71.89782675881591,3594.891337940795,-6627.383029939832,0.007185328303227683,1.5789473684210527
87.66918904970606,4383.459452485302,-7910.670688506325,0.006814468381077842,2.1052631578947367
101.41445256718039,5070.722628359018,-8942.602817483836,0.006523591662368789,2.631578947368421
113.61769467974415,5680.884733987211,-9784.402170906345,0.006265129087659951,3.1578947368421053
124.60155227266813,6230.077613633406,-10478.515483401054,0.006033268370464022,3.6842105263157894
134.59344158746998,6729.672079373498,-11055.450086374098,0.005823612111216416,4.2105263157894735
143.76067005406492,7188.033502703245,-11538.108434159047,0.005606735912878684,4.7368421052631575
152.23031059263985,7611.515529631992,-11943.338697151921,0.005433376001224848,5.263157894736842
160.10142590780342,8005.071295390173,-12284.376799401107,0.005273790081968406,5.789473684210526
167.45291648132675,8372.64582406634,-12571.688046825511,0.005126231909879486,6.315789473684211
174.3487891740266,8717.439458701332,-12813.639774607436,0.004989256933141571,6.842105263157895
180.84164473958106,9042.082236979055,-13017.006678919199,0.004861657015104226,7.368421052631579
186.9753504470875,9348.767522354377,-13187.334910012738,0.004742412226470345,7.894736842105263
192.7869401234839,9639.347006174195,-13329.309524788237,0.004611410115751416,8.421052631578947
198.3078956521925,9915.39478260963,-13446.748289147814,0.004507103309164612,8.947368421052632
203.56524474741843,10178.262237370926,-13542.755815143573,0.004408837622506281,9.473684210526315
208.58240022540934,10429.12001127047,-13620.052815351512,0.004316059002828018,10.0
0.0,0.0,6.8748288989881985,0.008406090921443801,0.0
29.867836919434257,1493.3918459717133,-2823.1128670901817,0.00787554966721241,0.5263157894736842
52.30953398449625,2615.476699224811,-4910.788199060131,0.00743683929332483,1.0526315789473684
70.58702846591765,3529.3514232958805,-6515.802898785565,0.007064178449784841,1.5789473684210527
86.11505428217691,4305.7527141088485,-7784.899036706964,0.006705663943462841,2.1052631578947367
99.66126441172963,4983.063220586482,-8808.113516681748,0.006424799160047011,2.631578947368421
111.69789019145769,5584.894509572886,-9644.994807537594,0.006174910432538146,3.1578947368421053
122.5396837376197,6126.984186880984,-10336.912636289853,0.0059504780590265306,3.6842105263157894
132.40881143010364,6620.44057150518,-10913.63617551641,0.005747320658596408,4.2105263157894735
141.46868592074958,7073.4342960374815,-11397.46563500951,0.005536299963565784,4.7368421052631575
149.84355432856728,7492.177716428365,-11805.035167000766,0.005368006082027798,5.263157894736842
157.63037205184426,7881.518602592215,-12149.222647235249,0.005212951553690372,5.789473684210526
164.90636053273636,8245.318026636814,-12440.287122075693,0.005069468395994763,6.315789473684211
171.73415353201537,8586.70767660077,-12686.438414546756,0.0049361760318882,6.842105263157895
178.16532789236373,8908.26639461819,-12894.330513271569,0.004811918993061533,7.368421052631579
184.24294824335254,9212.147412167624,-13069.416913350928,0.004695720591362901,7.894736842105263
190.00324450287388,9500.162225143697,-13216.2172549916,0.004567509861985178,8.421052631578947
195.47712892579443,9773.856446289725,-13338.680210835635,0.004465750634894747,8.947368421052632
200.6911578104254,10034.557890521275,-13439.771660493912,0.004369830061860171,9.473684210526315
205.6683230387364,10283.416151936819,-13522.177178437218,0.0042792161555321616,10.0
0.0,0.0,6.8748288989881985,0.008230653976746964,0.0
29.274607542447505,1463.7303771223746,-2768.2397998989472,0.007722303661398102,0.5263157894736842
51.30702280587631,2565.3511402938148,-4821.2020731686425,0.007301039502157051,1.0526315789473684
69.27559664306985,3463.779832153492,-6403.7583725911245,0.006942539286169562,1.5789473684210527
84.5584607149334,4227.923035746671,-7658.30598263986,0.006596178790139223,2.1052631578947367
97.90370128756985,4895.185064378493,-8672.44102839502,0.006325180344956561,2.631578947368421
109.77164637312949,5488.582318656476,-9504.054252462316,0.006083759188093356,3.1578947368421053
120.46940552854674,6023.470276427338,-10193.447284634203,0.005866677587646364,3.6842105263157894
130.21376464877886,6510.688232438946,-10769.654563663273,0.005669962905283251,4.2105263157894735
139.16438562482276,6958.219281241137,-11254.37414675604,0.005464766263387329,4.7368421052631575
147.44268104693265,7372.134052346627,-11664.026580908365,0.005301511120676733,5.263157894736842
155.1434118624159,7757.170593120795,-12011.132003593804,0.005150969757405515,5.789473684210526
162.34216363365329,8117.108181682667,-12305.739561738992,0.005011551541260689,6.315789473684211
169.10025990070312,8455.012995035155,-12555.901079335126,0.0048819377826271595,6.842105263157895
175.46823453414828,8773.411726707416,-12768.148908162475,0.004761023999453033,7.368421052631579
181.4882019468995,9074.410097344975,-12947.841735702124,0.004647876088024652,7.894736842105263
187.1957449420936,9359.787247104672,-13099.418482123248,0.004541697198677578,8.421052631578947
192.62119084355166,9631.059542177585,-13226.69621895456,0.004423266909030968,8.947368421052632
197.79059172595535,9889.529586297765,-13332.764333802254,0.004329702620979064,9.473684210526315
202.72649497455842,10136.324748727922,-13420.183673144755,0.004241266093756039,10.0
0.0,0.0,6.8748288989881985,0.008055985342874626,0.0
28.682699603251294,1434.1349801625645,-2713.426697883886,0.00756924740601604,0.5263157894736842
50.30524239780938,2515.262119890469,-4731.471043461541,0.0071650334673124365,1.0526315789473684
67.96348177482231,3398.1740887411156,-6291.252431689565,0.006820413959263813,1.5789473684210527
82.99937149055685,4149.968574527844,-7530.894082015526,0.006486014796148636,2.1052631578947367
96.14167219578266,4807.083609789133,-8535.585932505295,0.006224735172320786,2.631578947368421
107.83894726226238,5391.947363113115,-9361.578256769018,0.005991672909045719,3.1578947368421053
118.39063813988476,5919.531906994238,-10048.11304205648,0.005781862131104606,3.6842105263157894
128.0082826022281,6400.414130111404,-10623.49387604522,0.005591531854171396,4.2105263157894735
136.84770552742214,6842.385276371109,-11108.8163384469,0.005392126208563791,4.7368421052631575
145.02751200825782,7251.375600412896,-11520.290448449261,0.005233879820925087,5.263157894736842
152.6403895606206,7632.019478031036,-11870.075042853452,0.0050878321800821545,5.789473684210526
159.76018492523025,7988.009246261512,-12168.010271836,0.004952466540735655,6.315789473684211
166.4469333594755,8322.346667973778,-12421.986850562025,0.00482652539431635,6.842105263157895
172.75004684498137,8637.502342249065,-12638.414107028359,0.0047089539958889955,7.368421052631579
178.71088078250358,8935.544039125174,-12822.554930266124,0.004598859544867312,7.894736842105263
184.36425054995138,9218.212527497566,-12978.773097124598,0.004495479911842633,8.421052631578947
189.73986193335645,9486.993096667828,-13110.729657031006,0.004379630830118345,8.947368421052632
194.86327016073767,9743.163508036872,-13221.661687531756,0.004288432727303434,9.473684210526315
199.756618444877,9987.830922243858,-13313.994901222417,0.004202185013770216,10.0
0.0,0.0,6.8748288989881985,0.007882077432734357,0.0
28.092103151798096,1404.6051575899044,-2658.673709571078,0.007416381178035955,0.5263157894736842
49.304232646206906,2465.211632310348,-4641.59711513271,0.0070288241726339075,1.0526315789473684
66.65067365530837,3332.5336827654173,-6178.2881921241715,0.006697805452718431,1.5789473684210527
81.43785538693163,4071.892769346582,-7402.665979983794,0.006375173818950269,2.1052631578947367
94.37522388812509,4718.761194406255,-8397.54865464088,0.006123463686383397,2.631578947368421
105.89978362425975,5294.989181212988,-9217.564179489586,0.005898649430652336,3.1578947368421053
116.30336389288964,5815.168194644481,-9900.903067004707,0.005696027242650632,3.6842105263157894
125.79225149023787,6289.6125745118925,-10475.14199831149,0.005512020800793687,4.2105263157894735
134.51853724870395,6725.926862435194,-10960.797666005688,0.005343844617209621,4.7368421052631575
142.59801516003705,7129.90075800185,-11373.803377652162,0.0051651013993972775,5.263157894736842
150.1211570681594,7506.0578534079705,-11726.023051148863,0.005023525465778604,5.789473684210526
157.16024995167174,7858.012497583584,-12027.062834058954,0.004892198911874133,6.315789473684211
163.7739175484383,8188.6958774219165,-12284.652877051114,0.0047699227252983025,6.842105263157895
170.0106332563367,8500.531662816837,-12505.077345316196,0.004655690945429659,7.368421052631579
175.9107424463627,8795.53712231813,-12693.5016538798,0.004548651289101938,7.894736842105263
181.50839450545425,9075.419725272712,-12854.213024656332,0.004448075553256908,8.421052631578947
186.83271094224256,9341.63554711213,-12990.80057213427,0.004353336829424835,8.947368421052632
191.90874184617678,9595.43709230884,-13106.389194996329,0.004245997751756015,9.473684210526315
196.75820178945588,9837.910089472805,-13203.529611934915,0.004161949654202184,10.0
0.0,0.0,6.8748288989881985,0.007708922779309771,0.0
27.502807816129582,1375.140390806478,-2603.9809583689785,0.007263705277159698,0.5263157894736842
48.30394138647831,2415.197069323914,-4551.58224156755,0.006892414607770285,1.0526315789473684
65.337218274364,3266.8609137181993,-6064.868636174644,0.006574716827061313,1.5789473684210527
79.87384017109228,3993.6920085546153,-7273.624197898287,0.006263657757813116,2.1052631578947367
92.60430846449556,4630.215423224778,-8258.329993039326,0.006021365785103028,2.631578947368421
103.95408609504956,5197.704304752478,-9072.009193491154,0.0058046866302609215,3.1578947368421053
114.20752096576612,5710.376048288304,-9751.810336099028,0.005609168436913027,3.6842105263157894
123.56565659263322,6178.282829631654,-10324.587586627531,0.00543142260552256,4.2105263157894735
132.1768090441899,6608.840452209497,-10810.341760192372,0.005268807164241888,4.7368421052631575
140.15397779841953,7007.698889920975,-11224.542065394053,0.005095164763776245,5.263157894736842
147.5856049263717,7379.2802463185835,-11578.946112810918,0.004958036792271235,5.789473684210526
154.5421632141542,7727.108160707713,-11882.862133752467,0.004830733264356401,6.315789473684211
161.08110280842666,8054.055140421332,-12143.857020873664,0.0047121128612537385,6.842105263157895
167.24967864739904,8362.483932369953,-12368.089220489783,0.0046012166967005046,7.368421052631579
173.08745556757924,8654.37277837896,-12560.625515795415,0.0044972318799129775,7.894736842105263
178.62789785995085,8931.394892997549,-12725.675301348325,0.004399463350913287,8.421052631578947
183.89947425361927,9194.973712680967,-12866.765887867317,0.004307312276554238,8.947368421052632
188.92672458594066,9446.336229297029,-12986.875830379919,0.004220259212410497,9.473684210526315
193.7309322572404,9686.546612862025,-13088.707469994246,0.00412053546409808,10.0
0.0,0.0,6.8748288989881985,0.007536514033015092,0.0
26.914823005582058,1345.7411502791033,-2549.3486034470407,0.007111219899771567,0.5263157894736842
47.304363344020175,2365.2181672010083,-4461.428395850213,0.0067558077051130625,1.0526315789473684
64.02307834684167,3201.153917342083,-5950.996729611492,0.006451151139342247,1.5789473684210527
78.30733516152111,3915.366758076056,-7143.771133027083,0.006151468612468716,2.1052631578947367
90.82891660547278,4541.445830273637,-8117.930669888527,0.0059184415602296855,2.631578947368421
102.00189485796795,5100.094742898399,-8924.91124005174,0.005709782105199937,3.1578947368421053
112.10307703246937,5605.1538516234705,-9600.828672327538,0.005521280937406401,3.6842105263157894
121.32838902488567,6066.419451244284,-10171.81896841379,0.005349730470025896,4.2105263157894735
129.82242222335307,6491.121111167655,-10657.36872956129,0.00519262723549807,4.7368421052631575
137.6954009710068,6884.770048550336,-11072.483605515234,0.0050240586159366,5.263157894736842
145.03352833244742,7251.676416622369,-11428.81461481208,0.004891352929092488,5.789473684210526
151.90580971440153,7595.290485720074,-11735.370993782322,0.004768054956785587,6.315789473684211
158.36818600959185,7918.409300479589,-11999.556030724067,0.004653079021496024,6.842105263157895
164.46698679657237,8223.349339828625,-12227.400361110667,0.004545512499578499,7.368421052631579
170.24086637778618,8512.043318889308,-12423.870720716375,0.004444580917803897,7.894736842105263
175.72250131057154,8786.125065528577,-12593.097383147862,0.004349621520685834,8.421052631578947
180.9398068543374,9046.990342716881,-12738.54465056205,0.004260062886712024,8.947368421052632
185.91681578292997,9295.8407891465,-12863.140623867468,0.004175408997692165,9.473684210526315
190.67437764386466,9533.718882193234,-12969.444496113443,0.004077918135756,10.0
0.0,0.0,6.8748288989881985,0.007364843959124726,0.0
26.328129733503644,1316.406486675182,-2494.77677689759,0.006958925274471206,0.5263157894736842
46.30549956850017,2315.2749784250077,-4371.137566346915,0.00661900631861757,1.0526315789473684
62.70823592921448,3135.4117964607235,-5836.675333957741,0.0063271115086392885,1.5789473684210527
76.73837193434258,3836.9185967171293,-7013.1095609194235,0.006038608189410683,2.1052631578947367
89.04906503369722,4452.4532516848585,-7976.3512228895925,0.005814691155673172,2.631578947368421
100.04310313712867,5002.155156856437,-8776.267733919718,0.005613933871967648,3.1578947368421053
109.98998909348597,5499.499454674303,-9447.9511147062,0.0054323604823152205,3.6842105263157894
119.08042283023288,5954.021141511642,-10016.824053911507,0.00526693768042435,4.2105263157894735
127.45528966129443,6372.764483064727,-10501.861965744589,0.005115295285266681,4.7368421052631575
135.22205672058192,6761.102836029095,-10917.60384806218,0.004951772170220426,5.263157894736842
142.46487976993217,7123.243988496609,-11275.598903994447,0.004823460514620768,5.789473684210526
149.25093877357364,7462.546938678681,-11584.553583256093,0.004704148439106275,6.315789473684211
155.6350427646441,7781.752138232206,-11851.706460433918,0.004592804247466259,6.842105263157895
161.66232854953563,8083.1164274767825,-12082.959770973117,0.0044885599674825034,7.368421052631579
167.37059637993258,8368.529818996625,-12283.179045386554,0.004390678538109624,7.894736842105263
172.7918260666464,8639.591303332318,-12456.414229444563,0.004298528724509696,8.421052631578947
177.95332553907994,8897.666276953994,-12606.065421745938,0.004211565871196634,8.947368421052632
182.87861448384407,9143.930724192202,-12735.009105666228,0.004129316850615342,9.473684210526315
187.58810541628702,9379.405270814355,-12845.695610762028,0.004051368150529913,10.0
0.0,0.0,6.8748288989881985,0.007193905435275359,0.0
25.74270993028768,1287.1354965143832,-2440.265603501175,0.00680682161873651,0.5263157894736842
45.307380370945744,2265.369018547287,-4280.711675680228,0.006482013318611984,1.0526315789473684
61.39273613528167,3069.636806764086,-5721.907570911339,0.0062026008662481435,1.5789473684210527
75.16689139447152,3758.3445697235743,-6881.6420445031545,0.005925078512180559,2.1052631578947367
87.26468158977252,4363.234079488626,-7833.592465338268,0.005710114606943127,2.631578947368421
98.07778133344544,4903.889066672273,-8626.076034684964,0.0055171399007075,3.1578947368421053
107.86820569884614,5393.410284942307,-9293.171111854477,0.005342402531279232,3.6842105263157894
116.8216630812072,5841.08315406036,-9859.591853126127,0.005183037059692411,4.2105263157894735
125.07533752129108,6253.766876064555,-10343.803531694757,0.00503680243826071,4.7368421052631575
132.7339209174751,6636.696045873756,-10759.942218697543,0.004901910539722506,5.263157894736842
139.8794099255436,6993.970496277183,-11119.26832714845,0.004754346528972398,5.789473684210526
146.5774601457518,7328.873007287588,-11430.372443843342,0.004638998628522311,6.315789473684211
152.88142144993958,7644.071072496974,-11700.26470568576,0.0045312711733141615,6.842105263157895
158.8354167926574,7941.770839632873,-11934.717396270316,0.004430339782006488,7.368421052631579
164.47642496986316,8223.821248493157,-12138.493610023157,0.004335503746179938,7.894736842105263
169.8356517716727,8491.782588583634,-12315.561774472422,0.004246162511458974,8.421052631578947
174.93978795882487,8746.989397941248,-12469.256660697967,0.004161797518175316,8.947368421052632
179.81183940031084,8990.591970015545,-12602.402090627591,0.004081957991777552,9.473684210526315
184.47178080639773,9223.589040319894,-12717.405735271568,0.004006249689975701,10.0
0.0,0.0,6.8748288989881985,0.0070236914490379,0.0
25.158554398993424,1257.927719949671,-2385.8152024519077,0.00665490913602457,0.5263157894736842
44.30995991131752,2215.497995565876,-4190.152626861738,0.006344831548550209,1.0526315789473684
60.076549492634314,3003.8274746317147,-5606.696360783877,0.0060776222982124985,1.5789473684210527
73.5929389448252,3679.646947241259,-6749.371081899153,0.005810881594108418,2.1052631578947367
85.47584570644288,4273.792285322145,-7689.655322225255,0.0056047120097149515,2.631578947368421
96.10581129340785,4805.29056467039,-8474.33424708568,0.005419397903375186,3.1578947368421053
105.7377022625388,5286.88511312694,-9136.482415415812,0.005251402525650806,3.6842105263157894
114.5520733204599,5727.603666022998,-9700.110267289681,0.0050980220557516635,4.2105263157894735
122.68244617665786,6134.12230883289,-10183.17647552221,0.004957139276058733,4.7368421052631575
130.23081507269566,6511.540753634783,-10599.442324097283,0.004827063665131745,5.263157894736842
137.2770650056288,6863.853250281436,-10959.793454917839,0.004683997217195337,5.789473684210526
143.88513192097923,7194.256596048963,-11272.790807574842,0.004572589983175827,6.315789473684211
150.1071098538449,7505.355492692245,-11545.186076177968,0.004468462693184797,6.842105263157895
155.98609270168424,7799.304635084211,-11782.620790554087,0.00437083319235137,7.368421052631579
161.55808484973375,8077.90424248669,-11989.75452676227,0.004279036147757273,7.894736842105263
166.85361163181994,8342.680581591001,-12170.473070787695,0.004192500884195961,8.421052631578947
171.89876175437183,8594.938087718589,-12328.044739099569,0.004110734275335359,8.947368421052632
176.71602362052738,8835.801181026374,-12465.239584052819,0.004033307347998199,9.473684210526315
181.32493035672792,9066.246517836393,-12584.421542469849,0.003959844667478552,10.0
0.0,0.0,6.8748288989881985,0.006854195095557006,0.0
24.57565408357312,1228.7827041786559,-2331.425687515526,0.0065031880161738696,0.5263157894736842
43.31323327251431,2165.6616636257154,-4099.462303674343,0.0062074638255012,1.0526315789473684
58.75965646537696,2937.982823268847,-5491.044626843912,0.0059521788352459686,1.5789473684210527
72.01648568850099,3600.824284425051,-6616.3478602380565,0.005727919894747406,2.1052631578947367
83.68245747443072,4184.122873721536,-7544.540420434227,0.005498483687137618,2.631578947368421
94.1272487051778,4706.3624352588895,-8321.039844370796,0.005320706053819323,3.1578947368421053
103.59841518743289,5179.920759371644,-8977.878085911027,0.005159356337175992,3.6842105263157894
112.27156925664491,5613.578462832245,-9538.367967947932,0.005011885720550263,4.2105263157894735
120.27658060387535,6013.829030193769,-10019.963387449665,0.0048762965923465915,4.7368421052631575
127.71265795262414,6385.632897631209,-10436.052122722227,0.004750992498091291,5.263157894736842
134.65763667644308,6732.881833822154,-10797.143007261519,0.00461239949660763,5.789473684210526
141.17380286061848,7058.690143030927,-11111.771086438384,0.004504906943684592,6.315789473684211
147.31195586880713,7365.597793440355,-11386.426550514443,0.0044043609948264525,6.842105263157895
153.11404471981868,7655.702235990936,-11626.619076647883,0.0043100204349584195,7.368421052631579
158.6152546047098,7930.7627302354895,-11836.903649416781,0.004221254248463954,7.894736842105263
163.84538088698085,8192.269044349046,-12021.082345521492,0.004137520795919507,8.421052631578947
168.82990706902876,8441.495353451435,-12182.355950758938,0.004058351719022759,8.947368421052632
173.59078393695728,8679.539196847865,-12323.43978938023,0.0039833392955764164,9.473684210526315
178.1471111421554,8907.355557107774,-12446.653158626395,0.003912126454890864,10.0
0.0,0.0,6.8748288989881985,0.006685409575255863,0.0
23.994000065832353,1199.7000032916173,-2277.097167178712,0.006351658435792658,0.5263157894736842
42.317206187822464,2115.860309391123,-4008.6425086392846,0.006069912995611614,1.0526315789473684
57.44209712117911,2872.1048560589556,-5374.955181441255,0.0058262735670418404,1.5789473684210527
70.43751093820012,3521.8755469100056,-6482.534492806277,0.005611915127894075,2.1052631578947367
81.88456104782571,4094.228052391286,-7398.248606614907,0.005391429829569689,2.631578947368421
92.14200198764401,4607.100099382203,-8166.190493230082,0.005221062404641422,3.1578947368421053
101.45032652464845,5072.516326232422,-8817.352089054744,0.005066259414076563,3.6842105263157894
109.98010390589681,5499.0051952948415,-9374.353602026255,0.004924621173851168,4.2105263157894735
117.85757566069205,5892.878783034602,-9854.146612105113,0.004794265338622202,4.7368421052631575
125.17933261571905,6258.966630785954,-10269.747777136923,0.004673685447493518,5.263157894736842
132.021004828436,6601.050241421805,-10631.353190365597,0.004561656758123064,5.789473684210526
138.44331536043694,6922.165768021848,-10947.275588056524,0.004435933950139676,6.315789473684211
144.4956704651862,7224.7835232593125,-11223.94034734767,0.004338948710196305,6.842105263157895
150.21903558834683,7510.951779417342,-11466.658584150318,0.004247882301082674,7.368421052631579
155.64770945447498,7782.385472723749,-11679.879678076846,0.004162137046571507,7.894736842105263
160.81072498908077,8040.536249454034,-11867.320937431912,0.004081199534737991,8.421052631578947
165.73294472550853,8286.647236275427,-12032.114642973138,0.004004625479215234,8.947368421052632
170.43581788998685,8521.790894499349,-12176.920310190137,0.00393202785258173,9.473684210526315
174.93798930047637,8746.899465023816,-12304.011517841842,0.0038630674852909823,10.0
0.0,0.0,6.8748288989881985,0.006517328191603947,0.0
23.413592327501036,1170.679616375052,-2222.829744795963,0.006200320558634021,0.5263157894736842
41.32189908385283,2066.0949541926407,-3917.695183925389,0.005932181737249092,1.0526315789473684
56.123848406838775,2806.1924203419376,-5258.431096286207,0.0056999094042938705,1.5789473684210527
68.8560744451452,3442.803722257261,-6347.925658061315,0.005495238864264981,2.1052631578947367
80.08212316034215,4004.10615801711,-7250.781019640417,0.005283550567214758,2.631578947368421
90.15010516434384,4507.505258217191,-8009.784391914669,0.005120464850300902,3.1578947368421053
99.29337640205264,4964.668820102629,-8654.89807356031,0.004972107446129882,3.6842105263157894
107.67760679850844,5383.880339925424,-9208.055096224278,0.004836221934675439,4.2105263157894735
115.42544998886694,5771.272499443346,-9685.709377076339,0.004711036033063487,4.7368421052631575
122.63069154308104,6131.53457715405,-10100.505292179521,0.004595131050427676,5.263157894736842
129.36704080871172,6468.352040435586,-10462.358893189856,0.004487351624130394,5.789473684210526
135.69343800479004,6784.671900239507,-10779.2665676943,0.004365655084170823,6.315789473684211
141.65811229926226,7082.905614963114,-11057.682916504164,0.004272207697333289,6.842105263157895
147.3008745473962,7365.043727369814,-11302.68742908317,0.004184398672737636,7.368421052631579
152.65514168278406,7632.7570841392035,-11518.62301067343,0.004101662610132044,7.894736842105263
157.74924658039663,7887.46232901983,-11709.121185259675,0.0040235134996610125,8.421052631578947
162.60743639404248,8130.371819702126,-11877.244767619384,0.003949530451701355,8.947368421052632
167.25063807121745,8362.531903560872,-12025.596579258206,0.0038793465769044883,9.473684210526315
171.69705033913533,8584.852516956771,-12156.403742252973,0.003812640129269361,10.0
0.0,0.0,6.8748288989881985,0.006349944348945753,0.0
22.83443128489858,1141.7215642449291,-2168.623518732449,0.006049174535958185,0.5263157894736842
40.32727281572951,2016.3636407864747,-3826.622161090396,0.0057942727942690165,1.0526315789473684
54.80489001439196,2740.244500719598,-5141.475287498288,0.005573089364755936,1.5789473684210527
67.27210186845151,3363.6050934225777,-6212.523808786464,0.005377893158948353,2.1052631578947367
78.27513120759647,3913.756560379824,-7102.138404436904,0.005174846343506267,2.631578947368421
88.15149126395224,4407.574563197614,-7851.819112809651,0.005018911705369039,3.1578947368421053
97.12753830213953,4856.376915106976,-8490.50931022891,0.004876896392503676,3.6842105263157894
105.36401256511667,5268.200628255834,-9039.461743440275,0.00474668096964975,4.2105263157894735
112.9800078941667,5649.000394708336,-9514.633611515077,0.0046265997670490566,4.7368421052631575
120.06668784925614,6003.334392462805,-9928.30127155257,0.004515317452720197,5.263157894736842
126.69554690963778,6334.777345481888,-10290.099002120573,0.004411746418350169,5.789473684210526
132.92407042351329,6646.203521175666,-10607.718155186856,0.004314987753080605,6.315789473684211
138.79903347831453,6939.951673915724,-10887.607576039976,0.004204120254287468,6.842105263157895
144.35923743230677,7217.961871615334,-11134.65092656458,0.004119549840167574,7.368421052631579
149.6372323238541,7481.861616192708,-11353.071059165763,0.004039809323423595,7.894736842105263
154.66061906279214,7733.030953139609,-11546.412906360893,0.003964439239943968,8.421052631578947
159.45303140201963,7972.65157010098,-11717.66880202038,0.0038930414232419826,8.947368421052632
164.03485876225722,8201.742938112857,-11869.383897215113,0.003825268545016198,9.473684210526315
168.4238615788347,8421.193078941735,-12003.737548884885,0.003760815870157029,10.0
0.0,0.0,6.8748288989881985,0.006183251549678027,0.0
22.25649036340415,1112.8245181702073,-2114.478568099439,0.005898220527495208,0.5263157894736842
39.33332296489924,1966.6661482449622,-3735.425243620797,0.0056561889069413965,1.0526315789473684
53.48526353583583,2674.263176791791,-5024.090617163813,0.005445816514527222,1.5789473684210527
65.68563279789892,3284.281639894946,-6076.33183352137,0.0052598798710563,2.1052631578947367
76.46360090045451,3823.180045022725,-6952.321655873442,0.005065317531622129,2.631578947368421
86.14616961993103,4307.308480996551,-7692.292691231007,0.004916401118307757,3.1578947368421053
94.95276368183423,4747.638184091711,-8324.180169067382,0.004780621787118031,3.6842105263157894
103.0392800928766,5151.9640046438335,-8868.5616498768,0.004655991765673504,4.2105263157894735
110.52124789220997,5526.062394610501,-9340.902697521291,0.00454094711328102,4.7368421052631575
117.48712216230949,5874.35610811548,-9753.11112681873,0.004434233269748972,5.263157894736842
124.00645719699945,6200.322859849971,-10114.542198324445,0.004334827125614403,5.789473684210526
130.13497178209363,6506.748589104682,-10432.670196960586,0.004241882790181361,6.315789473684211
135.9182005211016,6795.91002605508,-10713.669119381462,0.004134667990153277,6.842105263157895
141.3939268438907,7069.6963421945375,-10962.496084288861,0.004053315367285714,7.368421052631579
146.59377542459532,7329.688771229766,-11183.162697326028,0.003976554824711937,7.894736842105263
151.54460855758367,7577.230427879188,-11379.126398428707,0.0039039526200966407,8.421052631578947
156.26943942851082,7813.4719714255425,-11553.308220661049,0.0038351326209163867,8.947368421052632
160.78814632231408,8039.407316115703,-11708.194818797077,0.0037697665046804796,9.473684210526315
165.118029597564,8255.901479878206,-11845.917575339685,0.0037075659647859776,10.0
0.0,0.0,6.8748288989881985,0.006017243387992492,0.0
21.67976139571056,1083.9880697855288,-2060.394991961235,0.005747458644003483,0.5263157894736842
38.340063431602616,1917.0031715801297,-3644.106223313109,0.005517932770991382,1.0526315789473684
52.164943298345364,2608.247164917269,-4906.27986441664,0.005318093918265487,1.5789473684210527
64.09666180259839,3204.8330901299196,-5939.352426899277,0.005141200996916781,2.1052631578947367
74.64747649374156,3732.3738246870785,-6801.3320970194545,0.004954964370254245,2.631578947368421
84.13409962590589,4206.704981295293,-7531.203401919767,0.004812931193597283,3.1578947368421053
92.76901958027189,4638.450979013593,-8155.904107498645,0.0046832796090235124,3.6842105263157894
100.70330943670426,5035.165471835215,-8695.343774669971,0.004564147618986391,4.2105263157894735
108.04902712474822,5402.45135623741,-9164.498885838664,0.004454068991188559,4.7368421052631575
114.89195873305135,5744.597936652567,-9574.911737071445,0.00435186657479482,5.263157894736842
121.29955579085421,6064.977789542713,-9935.657619282203,0.004256579680294444,5.789473684210526
127.32596722248041,6366.298361124021,-10253.99470224075,0.004167413141630988,6.315789473684211
133.0154691902896,6650.773459514482,-10535.82017030316,0.004063832835121506,6.842105263157895
138.40468787459133,6920.234393729567,-10786.167310713448,0.003985675062828845,7.368421052631579
143.52441846016484,7176.220923008241,-11008.834261516444,0.003911876880996157,7.894736842105263
148.40079642742683,7420.039821371346,-11207.190127001079,0.003842029450877674,8.421052631578947
153.056216004108,7652.810800205398,-11384.08375102056,0.003775777985167991,8.947368421052632
157.51002811316795,7875.501405658395,-11541.942343788724,0.0037128125890750464,9.473684210526315
161.77907770319857,8088.953885159928,-11682.847770935587,0.0036528610207245617,10.0
0.0,0.0,6.8748288989881985,0.005851913557771636,0.0
21.10423633781542,1055.2118168907707,-2006.372885211429,0.005596888986578358,0.5263157894736842
37.347499481710926,1867.3749740855462,-3552.6668363888093,0.00537950708290102,1.0526315789473684
50.84391108737127,2542.195554368563,-4788.04603869874,0.005189924500710976,1.5789473684210527
62.5051490628046,3125.2574531402315,-5801.588112331279,0.0050218586868296085,2.1052631578947367
72.82682007014881,3641.34100350744,-6649.170650072956,0.004843787354816497,2.631578947368421
82.11526997610734,4105.763498805368,-7368.5489487472005,0.004708500390184236,3.1578947368421053
90.57626499478673,4528.813249739334,-7985.675181707025,0.004584865757392656,3.6842105263157894
98.35610043497692,4917.805021748847,-8519.796919238157,0.004471141836575568,4.2105263157894735
105.5632840553308,5278.164202766537,-8985.405160643808,0.004365956241733615,4.7368421052631575
112.2810279950254,5614.051399751268,-9393.678376463846,0.0042682058766268125,5.263157894736842
118.57471698853756,5928.7358494268765,-9753.413964285464,0.004176989876649008,5.789473684210526
124.4969308631976,6224.846543159881,-10071.653297354605,0.004091562122780857,6.315789473684211
130.09056208559718,6504.528104279858,-10354.114128826972,0.004011297201771527,6.842105263157895
135.39123456761774,6769.561728380884,-10605.610457536553,0.003916608176250256,7.368421052631579
140.42886648044313,7021.443324022158,-10830.022931842526,0.003845752726677175,7.894736842105263
145.2288602988614,7261.443014943069,-11030.532248249896,0.0037786450666278354,8.421052631578947
149.81299126962182,7490.649563481094,-11209.914320781267,0.003714951073416015,8.947368421052632
154.200083629286,7710.004181464302,-11370.536276008788,0.0036543787019835765,9.473684210526315
158.40653316202815,7920.326658101402,-11514.43045314346,0.003596671168964539,10.0
0.0,0.0,6.8748288989881985,0.005687255846986312,0.0
20.529907038821474,1026.4953519410735,-1952.4123278227053,0.005446511660706682,0.5263157894736842
36.35559986022892,1817.7799930114456,-3461.108873263882,0.005240914462154796,1.0526315789473684
49.522211367490996,2476.11056837455,-4669.392053686242,0.005061311239271691,1.5789473684210527
60.91116903382526,3045.558451691263,-5663.041607360821,0.004901854994387803,2.1052631578947367
71.00154190563855,3550.077095281927,-6495.885311775215,0.0047585429375126605,2.631578947368421
80.08965588861966,4004.4827944309836,-7204.327779797175,0.00460310696905566,3.1578947368421053
88.3744602826841,4418.723014134204,-7813.487637690858,0.00448537605948468,3.6842105263157894
95.99751438218578,4799.875719109289,-8341.909587271308,0.004376967998597466,4.2105263157894735
103.06394258444053,5153.197129222022,-8803.604284536377,0.0042765996592158415,4.7368421052631575
109.654227165275,5482.711358263752,-9209.387793032969,0.004183239348682014,5.263157894736842
115.83182538740077,5791.591269370038,-9567.779999336402,0.0040960435823425,5.789473684210526
121.64761328879617,6082.380664439812,-9885.606472458574,0.004014313227531136,6.315789473684211
127.1432525581417,6357.162627907084,-10168.414339762385,0.003937461862948463,6.842105263157895
132.35334472240916,6617.667236120457,-10420.769251278012,0.003846094039450088,7.368421052631579
137.30688006553925,6865.344003276969,-10646.664162737994,0.003778159521300331,7.894736842105263
142.0285312663879,7101.4265633193945,-10849.080001498827,0.0037137745589176196,8.421052631578947
146.53945458516105,7326.972729258055,-11030.71897127758,0.003652624993572767,8.947368421052632
150.85794284974244,7542.89714248712,-11193.886877910416,0.003594436115389334,9.473684210526315
154.99993899289117,7749.996949644557,-11340.565797978401,0.003538966096128155,10.0
0.0,0.0,6.8748288989881985,0.0055232641344569,0.0
19.956764935481957,997.8382467740978,-1898.5133954131015,0.005296326761012301,0.5263157894736842
35.364361395982,1768.2180697991002,-3369.434125031272,0.005102157497346454,1.0526315789473684
48.19981699545717,2409.9908497728566,-4550.320762470212,0.004932257141337655,1.5789473684210527
59.31464694017771,2965.7323470088863,-5523.715807764995,0.004781191917646105,2.1052631578947367
69.17171102187137,3458.5855510935694,-6341.449370820519,0.004645238507063488,2.631578947368421
78.05724037969532,3902.8620189847643,-7038.538239269001,0.004496749260011812,3.1578947368421053
86.16357574033604,4308.178787016804,-7639.335027445537,0.004384806708367004,3.6842105263157894
93.6275865683129,4681.379328415642,-8161.671197556032,0.004281619417755943,4.2105263157894735
100.5508705760869,5027.543528804346,-8619.078948057053,0.004185990225120387,4.7368421052631575
107.0114759196197,5350.573795980983,-9022.015438772964,0.004096955367750176,5.263157894736842
113.07067945952724,5653.533972976365,-9378.724358155865,0.00401372649893762,5.789473684210526
118.77787303264577,5938.893651632287,-9695.81540196357,0.003935649656698666,6.315789473684211
124.17340934377536,6208.670467188769,-9978.665013539445,0.003862175865934891,6.842105263157895
129.29077113755156,6464.538556877581,-10231.701171872293,0.0037928394869379957,7.368421052631579
134.15812808663406,6707.906404331702,-10458.693367704647,0.00370907410408536,7.894736842105263
138.79941829082475,6939.970914541239,-10662.75937578296,0.003647392726917783,8.421052631578947
143.2351784590418,7161.758922952091,-10846.414104185336,0.0035887726256248914,8.947368421052632
147.48317626736792,7374.158813368398,-11011.90213000802,0.003532955728124078,9.473684210526315
151.55889904495663,7577.9449522478335,-11161.153729780526,0.003479714835257309,10.0
0.0,0.0,6.8748288989881985,0.005359932388007676,0.0
19.384828857871902,969.2414428935951,-1844.676159362978,0.005146334371551997,0.5263157894736842
34.37380609119897,1718.690304559948,-3277.644319629908,0.004963238789556929,1.0526315789473684
46.876709036470686,2343.8354518235346,-4430.834891859005,0.004802765291296996,1.5789473684210527
57.715618600491865,2885.780930024593,-5383.613427166827,0.004659871568262871,2.1052631578947367
67.33725802815539,3366.8629014077683,-6185.845178852112,0.004531099947620451,2.631578947368421
76.0180012244226,3800.9000612211316,-6871.178206089622,0.004389425875130527,3.1578947368421053
83.94355708023011,4197.177854011506,-7463.212134672205,0.004283153621474784,3.6842105263157894
91.24616931225216,4562.30846561261,-7979.070186836587,0.004185089736862769,4.2105263157894735
98.02407250071204,4901.203625035602,-8431.812353126123,0.004094118756246992,4.7368421052631575
104.35260520617557,5217.630260308781,-8831.537853908281,0.004009342193946143,5.263157894736842
110.29118556619446,5514.559278309722,-9186.215613373548,0.003930024384668646,5.789473684210526
115.88753942069911,5794.376971034954,-9502.240344656515,0.0038555546577220606,6.315789473684211
121.18072996946549,6059.036498473273,-9784.817894210588,0.003785420016942665,6.842105263157895
126.20321769645997,6310.160884822998,-10038.239324947455,0.003719185015051077,7.368421052631579
130.98229955614647,6549.114977807323,-10266.08020374347,0.0036564766454943555,7.894736842105263
135.54118153370695,6777.059076685346,-10471.496445559671,0.0035794739761978124,8.421052631578947
139.8997780025236,6994.988900126175,-10656.916795004923,0.003523366316654347,8.947368421052632
144.0753288239768,7203.766441198844,-10824.488760367698,0.0034699080807614664,9.473684210526315
148.08286784356497,7404.143392178252,-10976.090777178004,0.0034188861185335774,10.0
0.0,0.0,6.8748288989881985,0.005197254662669393,0.0
18.81406535755365,940.7032678776826,-1790.9006869261939,0.004996534566102024,0.5263157894736842
33.383924890894164,1669.1962445447084,-3185.741168985427,0.004824160917592759,1.0526315789473684
45.55293650474203,2277.6468252371014,-4310.937394059736,0.004672838633962489,1.5789473684210527
56.11408148721455,2805.704074360727,-5242.7369652142515,0.004537896205230335,2.1052631578947367
65.49821652021718,3274.910826010859,-6029.0738404647345,0.004416127825324262,2.631578947368421
73.971920835454,3698.5960417727015,-6702.246557492683,0.004281135210924034,3.1578947368421053
81.71440037258814,4085.7200186294067,-7285.112910472162,0.004180412971469765,3.6842105263157894
88.85326770993268,4442.663385496633,-7794.0961614090775,0.004087372461168267,4.2105263157894735
95.48337234229757,4774.168617114881,-8241.787046872734,0.004000976283495717,4.7368421052631575
101.67755427378566,5083.877713689286,-8637.930671353097,0.00392038815998039,5.263157894736842
107.49317737985871,5374.658868992934,-8990.22224847848,0.0038449229157562904,5.789473684210526
112.97639097816443,5648.819548908222,-9304.841963337589,0.003774011340097143,6.315789473684211
118.1650048449523,5908.250242247616,-9586.82519021642,0.0037071749363637467,6.842105263157895
123.09044751670983,6154.52237583549,-9840.325895876304,0.0036440072550941133,7.368421052631579
127.77912054107642,6388.956027053821,-10068.808270014073,0.00358415988176154,7.894736842105263
132.25349598246206,6612.674799123108,-10275.215103863295,0.003509992561826185,8.421052631578947
136.53286867209604,6826.643433604805,-10462.14185107754,0.0034563781223247896,8.947368421052632
140.63398032017525,7031.699016008764,-10631.553076662305,0.0034052630935936857,9.473684210526315
144.57138508204253,7228.569254102131,-10785.273812452593,0.0033564479822458253,10.0
0.0,0.0,6.8748288989881985,0.005035225098928519,0.0
18.244466266174708,912.2233133087353,-1737.1870413393335,0.004846927408435287,0.5263157894736842
32.394694259497854,1619.7347129748923,-3093.7263583965178,0.0046849264478232185,1.0526315789473684
44.22846714309149,2211.423357154574,-4190.631174295748,0.0045424801296245895,1.5789473684210527
54.51000255912522,2725.500127956261,-5101.089501841772,0.004415267879515705,2.1052631578947367
63.65455926020658,3182.7279630103294,-5871.1369487698685,0.004300322571303318,2.631578947368421
71.91898356216316,3595.949178108156,-6531.741586021861,0.004171875862328304,3.1578947368421053
79.47602258473194,3973.8011292365954,-7105.031862926495,0.00407658096798264,3.6842105263157894
86.44879080953933,4322.4395404769675,-7606.737957050704,0.00398846125197474,4.2105263157894735
92.92874432636997,4646.437216318498,-8048.986604014106,0.003906553720747396,4.7368421052631575
98.98618578416895,4949.309289208446,-8441.170382635326,0.003830081552294521,5.263157894736842
104.67648393514955,5233.82419675748,-8790.712818653228,0.003758407730308506,5.789473684210526
110.0442798722861,5502.213993614307,-9103.580438832716,0.003691002732785334,6.315789473684211
115.12607967564784,5756.303983782395,-9384.638476669454,0.0036274210947306045,6.842105263157895
119.95223675941651,5997.61183797083,-9637.903739898706,0.003567284172316873,7.368421052631579
124.5483106304836,6227.415531524184,-9866.728674095568,0.0035102671811008857,7.894736842105263
128.93604616135266,6446.802308067636,-10073.937822489526,0.0034560893138762365,8.421052631578947
133.1341232651351,6656.706163256755,-10262.003467197028,0.0033877797936721805,8.947368421052632
137.15872456150768,6857.93622807538,-10432.998555478764,0.003338990495537379,9.473684210526315
141.02397436709518,7051.198718354762,-10588.597415383236,0.0032923679564413237,10.0
0.0,0.0,6.8748288989881985,0.004873837921021744,0.0
17.67602400199884,883.8012000999419,-1683.5352819272084,0.004697512952589741,0.5263157894736842
31.40611002713127,1570.3055013565643,-3001.601504755068,0.004545537960176451,1.0526315789473684
42.903287045410906,2145.1643522705476,-4069.919060854416,0.004411692770289363,1.5789473684210527
52.90345283495776,2645.1726417478894,-4958.673815599774,0.004291988770777561,2.1052631578947367
61.80628612015197,3090.3143060075977,-5712.035712165998,0.004183684783232261,2.631578947368421
69.85916716085738,3492.958358042869,-6359.719403176685,0.004084800496021086,3.1578947368421053
77.22845445790139,3861.422722895071,-6922.963588900508,0.003971653832954991,3.6842105263157894
84.03268578424195,4201.634289212098,-7416.985105629174,0.0038883497875794237,4.2105263157894735
90.36008772166848,4518.004386083424,-7853.393526167827,0.003810842173024974,4.7368421052631575
96.27836114941317,4813.91805747066,-8241.23272336329,0.0037384107429943225,5.263157894736842
101.84101810237074,5092.050905118537,-8587.655599149468,0.0036704645164309085,5.789473684210526
107.0910329477754,5354.551647388771,-8898.415890306918,0.0036065118690046067,6.315789473684211
112.06367555101752,5603.183777550878,-9178.209008190446,0.0035461389466737354,6.842105263157895
116.7882744357379,5839.41372178689,-9430.914649546925,0.003488993728500782,7.368421052631579
121.28952391946258,6064.476195973132,-9659.773388719157,0.0034347740689510443,7.894736842105263
125.58844294920532,6279.422147460265,-9867.517822237263,0.0033832185535607184,8.421052631578947
129.70309284560958,6485.154642280478,-10056.471782003478,0.0033340993570061144,8.947368421052632
133.64912025884456,6682.456012942231,-10228.729164231765,0.003271059369346902,9.473684210526315
137.4401917062712,6872.00958531356,-10385.953971325165,0.0032266132746326605,10.0
0.0,0.0,6.8748288989881985,0.004713087435274148,0.0
17.108730997079224,855.4365498539606,-1629.9454592422553,0.004548291248550762,0.5263157894736842
30.418204553780164,1520.9102276890087,-2909.3683741694113,0.004405997908464583,1.0526315789473684
41.577448749698476,2078.8724374849244,-3948.8037863618883,0.004280479581341915,1.5789473684210527
51.29435783331676,2564.717891665839,-4815.492560063343,0.004168061130898502,2.1052631578947367
59.953399382149314,2997.669969107465,-5551.771506981677,0.004066215104016254,2.631578947368421
67.7924598166182,3389.6229908309087,-6186.138514283812,0.003973114338783406,3.1578947368421053
74.97158330467214,3748.5791652336043,-6738.902369615913,0.0038656279400972053,3.6842105263157894
81.60492582744465,4080.2462913722334,-7224.826891410281,0.003787031844799895,4.2105263157894735
87.77729551238808,4388.864775619403,-7654.991700608451,0.003713832639303213,4.7368421052631575
93.55404702891263,4677.702351445631,-8038.094303352031,0.0036453640162942753,5.263157894736842
98.98659585949255,4949.329792974627,-8381.019260832065,0.003581078818683587,5.789473684210526
104.11643463380771,5205.821731690386,-8689.308566789085,0.003520521589647635,6.315789473684211
108.97757519390726,5448.87875969536,-8967.488325462939,0.0034633086602814337,6.842105263157895
113.59830984403541,5679.915492201767,-9219.301181853349,0.0034091134844598135,7.368421052631579
118.00246826835152,5900.123413417575,-9447.87543496622,0.003357655631912137,7.894736842105263
122.21034362572098,6110.517181286044,-9655.851281163166,0.003308692271127938,8.421052631578947
126.23938295767444,6311.969147883723,-9845.475988037346,0.0032620116023837904,8.947368421052632
130.10470698621435,6505.235349310712,-10018.676224615825,0.0032174278320383264,9.473684210526315
133.81951825187775,6690.975912593884,-10177.235879682921,0.0031591503860520192,10.0
0.0,0.0,6.8748288989881985,0.004552968028479853,0.0
16.54257960107271,827.1289800536357,-1576.4176102761267,0.004399262345513238,0.5263157894736842
29.430952091389514,1471.547604569476,-2817.0286174330395,0.004266308785464088,1.0526315789473684
40.250910476415,2012.5455238207505,-3827.288246165641,0.00414884353793355,1.5789473684210527
49.682763182111486,2484.1381591055733,-4671.5487068077055,0.004043487173452156,2.1052631578947367
58.0958744913901,2904.7937245695057,-5390.345997149889,0.003947914177966067,2.631578947368421
65.71884247094843,3285.942123547423,-6010.98029758202,0.0038604423191880032,3.1578947368421053
72.70546420430425,3635.2732102152127,-6552.843355234298,0.0037584996409814036,3.6842105263157894
79.16540159326729,3958.2700796633644,-7030.252873012629,0.003684501212542156,4.2105263157894735
85.18035996293627,4259.017998146813,-7453.763816005798,0.0036155163227956583,4.7368421052631575
90.81305889373937,4540.652944686968,-7831.7308957759815,0.003550929836477973,5.263157894736842
96.11305835700843,4805.652917850421,-8170.7718625714115,0.0034902363480739836,5.789473684210526
101.1203207965022,5056.016039825112,-8476.218031272765,0.003433014871465923,6.315789473684211
105.86759064888975,5293.379532444486,-8752.426764407835,0.00337891053643985,6.842105263157895
110.38211560248344,5519.105780124172,-9003.003934144203,0.0033276211081593966,7.368421052631579
114.68686886593085,5734.34344329654,-9230.965946061726,0.0032788868631910967,7.894736842105263
118.80141992236506,5940.070996118248,-9438.860272510676,0.0032324827967660946,8.421052631578947
122.74260875479416,6137.130437739708,-9628.856250637393,0.003188212625395969,8.947368421052632
126.52504058738614,6326.252029369305,-9802.816151946186,0.003145903877253834,9.473684210526315
130.16145356463875,6508.072678231935,-9962.348992099309,0.0031054042231981153,10.0
0.0,0.0,6.8748288989881985,0.004393474166323668,0.0
15.97757765841167,798.8788829205836,-1522.9518090737693,0.004250426244210611,0.5263157894736842
28.444338374453388,1422.2169187226696,-2724.5838705883216,0.004126473063277414,1.0526315789473684
38.92366393243393,1946.1831966216978,-3705.375319358238,0.004016787607966943,1.5789473684210527
48.06865875277839,2403.432937638919,-4526.84517106392,0.0039182691484504805,2.1052631578947367
56.233739907512835,2811.6869953756413,-5227.76051817603,0.0038287827564784356,2.631578947368421
63.638298164634534,3181.9149082317285,-5834.243888442434,0.0037467830313138595,3.1578947368421053
70.4299843499967,3521.499217499837,-6364.79226690613,0.0036711084001395406,3.6842105263157894
76.7141353477272,3835.7067673863585,-6833.252821512811,0.0035807518084390467,4.2105263157894735
82.56912996846097,4128.45649842305,-7249.693955034018,0.0035158843169732262,4.7368421052631575
88.05530103168627,4402.765051584314,-7622.11936239116,0.003455096494807706,5.263157894736842
93.22031919822062,4661.015959911032,-7956.88230633588,0.003397922591653478,5.789473684210526
98.102547763664,4905.127388183202,-8259.104725513658,0.003343974401330766,6.315789473684211
102.73350251326815,5136.675125663408,-8532.97589315824,0.003292924490735976,6.842105263157895
107.13941807072389,5356.970903536191,-8781.964902911379,0.0032444938555943677,7.368421052631579
111.34241247948069,5567.120623974034,-9008.976190206828,0.003198442531229784,7.894736842105263
115.36133590970016,5768.066795485008,-9216.464691855865,0.003154562475450605,8.421052631578947
119.21240257794356,5960.620128897178,-9406.522567132932,0.0031126721148367446,8.947368421052632
122.90968519580686,6145.484259790342,-9580.946204672342,0.003072611953291582,9.473684210526315
126.46550420216093,6323.275210108046,-9741.288992607006,0.0030342409739168097,10.0
0.0,0.0,6.8748288989881985,0.0042346003918425825,0.0
15.413714642812758,770.6857321406382,-1469.5481004745234,0.0041017829627264,0.5263157894736842
27.4583595666807,1372.9179783340353,-2632.0357551504203,0.003986493193612853,1.0526315789473684
37.5957727817418,1879.7886390870904,-3583.067810221073,0.003884314775403137,1.5789473684210527
46.45202525319141,2322.601262659572,-4381.384722082905,0.0037924093623626174,2.1052631578947367
54.36694649096932,2718.347324548467,-5064.016769424641,0.0037088215742679224,2.631578947368421
61.550821706020685,3077.5410853010358,-5655.928086034044,0.003632135237956827,3.1578947368421053
68.14517134839983,3407.2585674199922,-6174.8050457176505,0.003561285192912582,3.6842105263157894
74.2510062522236,3712.55031261118,-6633.816200358975,0.003475777612141342,4.2105263157894735
79.94354902099461,3997.177451049732,-7042.765004506298,0.0034149279734822704,4.7368421052631575
85.28071420522483,4264.035710261239,-7409.235501789182,0.0033578525658953945,5.263157894736842
90.30819591840537,4515.409795920267,-7739.3184404868225,0.0033041232982731665,5.789473684210526
95.06288535206924,4753.144267603462,-8037.927691318953,0.0032533831164368583,6.315789473684211
99.57506007479816,4978.753003739909,-8309.085274339042,0.003205330668572682,6.842105263157895
103.86993623704112,5193.49681185206,-8556.124366434786,0.003159709002621158,7.368421052631579
107.96877899962327,5398.438949981164,-8781.837338793826,0.003116297038459958,7.894736842105263
111.88971413627576,5594.485706813784,-8988.585600311686,0.00307490305701796,8.421052631578947
115.64834566923301,5782.417283461649,-9178.383910021927,0.0030353594945862093,8.947368421052632
119.25821591790739,5962.910795895369,-9352.963901100673,0.0029975190194681863,9.473684210526315
122.73117967716564,6136.558983858282,-9513.82299552577,0.002961251504563788,10.0
0.0,0.0,6.8748288989881985,0.004076341323925785,0.0
14.85097234328362,742.5486171641819,-1416.2065258854564,0.003953332510634015,0.5263157894736842
26.473058417965486,1323.652920898275,-2539.3858215687505,0.0038463716330239977,1.0526315789473684
36.26717755626749,1813.3588778133749,-3460.3684261232193,0.0037514280520036867,1.5789473684210527
44.832915182502916,2241.645759125147,-4235.170293534,0.003665910107806266,2.1052631578947367
52.4955493599337,2624.777467996684,-4899.116492052155,0.0035880314676657267,2.631578947368421
59.456380001422936,2972.8190000711456,-5476.031717798454,0.0035164977348248923,3.1578947368421053
65.85096102103604,3292.548051051805,-5982.804829417364,0.0034503346708231134,3.6842105263157894
71.77599494433207,3588.799747216604,-6431.933448013602,0.0033695726108649527,4.2105263157894735
77.30356956032169,3865.178478016085,-6832.961384026537,0.003312638465254839,4.7368421052631575
82.48913568027591,4124.456784013797,-7193.0565085981725,0.0032591863866516806,5.263157894736842
87.37654149374282,4368.827074687139,-7518.049505196919,0.0032088239320839035,5.789473684210526
92.0011664111953,4600.058320559763,-7812.647634432746,0.0031612235940329044,6.315789473684211
96.39205628920445,4819.6028144602205,-8080.706231954595,0.0031161088326442325,6.842105263157895
100.57341372498392,5028.670686249202,-8325.422934438422,0.003073243657436515,7.368421052631579
104.56565793279454,5228.282896639728,-8549.478592621294,0.0030324248828186764,7.894736842105263
108.38620174109039,5419.3100870545195,-8755.142087550608,0.0029934762021328557,8.421052631578947
112.05003289499894,5602.501644749945,-8944.349624486524,0.0029562435885839276,8.947368421052632
115.57016353824383,5778.508176912191,-9118.766539776436,0.00292059149691412,9.473684210526315
118.95798079869319,5947.899039934657,-9279.835788495388,0.002886399876463106,10.0
0.0,0.0,6.8748288989881985,0.003918691655852084,0.0
14.289343790228667,714.467189511434,-1362.927123366433,0.003805074889218657,0.5263157894736842
25.488388869327103,1274.4194434663548,-2446.6357311511238,0.0037061107610910993,1.0526315789473684
34.937885618895265,1746.8942809447622,-3337.280079979726,0.0036181303787589532,1.5789473684210527
43.21126976125023,2160.5634880625107,-4088.204957398135,0.003538773705202427,2.1052631578947367
50.619476949391654,2530.9738474695832,-4733.06113288676,0.0034664133587955777,2.631578947368421
57.35498930887864,2867.7494654439315,-5294.55428687689,0.0033998693242177215,3.1578947368421053
63.547331947218304,3177.3665973609154,-5788.786965363259,0.00333825323527629,3.6842105263157894
69.2890574766106,3464.45287383053,-6227.6252628825605,0.0032808759790382514,4.2105263157894735
74.64906336356881,3732.453168178441,-6620.266152586861,0.0032090073201179238,4.7368421052631575
79.68046275890283,3984.0231379451416,-6973.558237939396,0.0031590866454161578,5.263157894736842
84.42524212262943,4221.262106131471,-7293.043167434043,0.0031120102980154666,5.789473684210526
88.91724823064912,4445.8624115324565,-7583.223193827442,0.0030674787401388376,6.315789473684211
93.18431086192162,4659.215543096081,-7847.788481927841,0.0030252388756995706,6.842105263157895
97.24962370409847,4862.48118520492,-8089.801380856319,0.0029850746638300086,7.368421052631579
101.13275512707614,5056.637756353809,-8311.830689364062,0.0029468000329734545,7.894736842105263
104.85044656455058,5242.522328227531,-8516.052688058458,0.002910253332987496,8.421052631578947
108.41705747827598,5420.852873913798,-8704.326403967876,0.0028752931753417443,8.947368421052632
111.84507343910184,5592.253671955095,-8878.250891037867,0.002841795259627208,9.473684210526315
115.14541861305112,5757.270930652558,-9039.21181211945,0.002809649503902477,10.0
0.0,0.0,6.8748288989881985,0.003761646152207131,0.0
13.72882210940143,686.4411054700711,-1309.7099277162488,0.003657010091692384,0.5263157894736842
24.504347972756136,1225.2173986378073,-2353.7870925033785,0.0035657129618379326,1.0526315789473684
33.607949117387705,1680.3974558693858,-3213.8056193432567,0.0034844247336564744,1.5789473684210527
41.58714829130135,2079.357414565068,-3940.491572554958,0.0034110025471380113,2.1052631578947367
48.738804420507,2436.94022102535,-4565.852737663896,0.0033439681005834414,2.631578947368421
55.246598427465706,2762.329921373285,-5111.494542624379,0.003282249034953382,3.1578947368421053
61.234277008352734,3061.7138504176387,-5592.746866992231,0.003225037456558424,3.6842105263157894
66.79010990980451,3339.505495490226,-6020.91151341646,0.0031717065505497423,4.2105263157894735
71.98000135073761,3599.0000675368806,-6404.664106357202,0.003104025829420459,4.7368421052631575
76.8546509470772,3842.732547353862,-6750.718292689373,0.0030575417622156565,5.263157894736842
81.45416506928946,4072.708253464474,-7064.2690844919125,0.003013667874823208,5.789473684210526
85.8109354268664,4290.54677134332,-7349.6151023698985,0.0029721311082234964,6.315789473684211
89.9515795651649,4497.578978258247,-7610.282264479334,0.002932700566457351,6.842105263157895
93.89829088106754,4694.914544053376,-7849.198690000907,0.002895179024083074,7.368421052631579
97.66980608297426,4883.490304148712,-8068.822477696216,0.0028593965025103156,7.894736842105263
101.28211044295352,5064.105522147677,-8271.236501209693,0.0028252054066758474,8.421052631578947
104.7490212478884,5237.451062394421,-8458.221228571849,0.0027924765461265384,8.947368421052632
108.08248606342508,5404.124303171248,-8631.311000175025,0.0027610960323803573,9.473684210526315
111.29296670821034,5564.648335410516,-8791.834639140237,0.002730963209382686,10.0
0.0,0.0,6.8748288989881985,0.0036051996482884836,0.0
13.169400520101814,658.4700260050907,-1256.554970555022,0.003509138103402736,0.5263157894736842
23.520941929526717,1176.0470964763358,-2260.841460370779,0.0034251806204133517,1.0526315789473684
32.277314790524436,1613.865739526221,-3089.9478041787806,0.0033503141131641405,1.5789473684210527
39.96051134693448,1998.0255673467243,-3792.0329554127675,0.003282599048778234,2.1052631578947367
46.85344907113782,2342.6724535568915,-4397.493148837828,0.003220696700820324,2.631578947368421
53.13124485861993,2656.5622429309956,-4926.85219666997,0.003163635774868695,3.1578947368421053
58.911716977989606,2945.5858488994795,-5394.679528482804,0.003110684036126243,3.6842105263157894
64.27915910998567,3213.957955499285,-5811.721945445766,0.0030612730159305917,4.2105263157894735
69.29629762091086,3464.8148810455405,-6186.150911877143,0.0030149507735715265,4.7368421052631575
74.01153137862534,3700.5765689312666,-6524.512613141407,0.0029545405529064644,5.263157894736842
78.46313846457427,3923.156923228715,-6831.694821112644,0.002913782539271978,5.789473684210526
82.68203805963134,4134.101902981567,-7111.782485976815,0.002875163490350262,6.315789473684211
86.69364353231653,4334.682176615827,-7368.1381538929345,0.002838473519602015,6.842105263157895
90.51914868256426,4525.9574341282105,-7603.555685786545,0.002803533297252113,7.368421052631579
94.17645814679696,4708.822907339845,-7820.382665701531,0.0027701881011925277,7.894736842105263
97.68085922834685,4884.042961417343,-8020.610257433953,0.002738303416118366,8.421052631578947
101.04552830777085,5052.276415388542,-8205.940692550903,0.002707761597749832,8.947368421052632
104.28195005730291,5214.097502865147,-8377.8409966787,0.00267845897631287,9.473684210526315
107.40011436253249,5370.005718126627,-8537.585287181893,0.0026503035247493483,10.0
0.0,0.0,6.8748288989881985,0.0034493470526780097,0.0
12.611076091785298,630.5538045892648,-1203.4622804017854,0.003361458902035063,0.5263157894736842
22.538195905724763,1126.9097952862385,-2167.800386739269,0.003284516090953067,1.0526315789473684
30.945999038722338,1547.2999519361167,-2965.709313369618,0.0032158015198242972,1.5789473684210527
38.33137893822112,1916.568946911056,-3642.8324537942535,0.003153565540916546,2.1052631578947367
44.96349461781752,2248.174730890877,-4227.983913500873,0.0030966002621510757,2.631578947368421
51.008859490953974,2550.4429745477005,-4740.626557523057,0.0030440286734772695,3.1578947368421053
56.57971120291904,2828.985560145952,-5194.581260460116,0.0029951895728618076,3.6842105263157894
61.75611764836887,3087.8058824184445,-5600.047911408561,0.0029495693047207994,4.2105263157894735
66.59785940474549,3329.892970237273,-5964.786273004167,0.002906759276763306,4.7368421052631575
71.15101514706328,3557.5507573531645,-6294.919285216289,0.002850071552700923,5.263157894736842
75.45203868400066,3772.601934200033,-6595.290284596042,0.0028123398514253413,5.789473684210526
79.5303877759674,3976.5193887983705,-6869.685302934879,0.0027765585654741447,6.315789473684211
83.41028437785405,4170.514218892704,-7121.305177724149,0.00274253754200749,6.842105263157895
87.11193820124853,4355.596910062427,-7352.811384899767,0.002710114193752525,7.368421052631579
90.6524204445223,4532.621022226118,-7566.44067528857,0.002679148313291133,7.894736842105263
94.04631132789139,4702.315566394572,-7764.091352146061,0.002649517943669277,8.421052631578947
97.30618901408374,4865.309450704186,-7947.389107614625,0.002621116139553332,8.947368421052632
100.44301584942852,5022.150792471424,-8117.734363519827,0.002593848808636336,9.473684210526315
103.46634996538413,5173.317498269209,-8276.343703768871,0.0025676324541126557,10.0
0.0,0.0,6.8748288989881985,0.0032940833428894197,0.0
12.053860135168094,602.6930067584047,-1150.4318827529642,0.003213972457809068,0.5263157894736842
21.556071281552562,1077.8035640776272,-2074.665380951308,0.0031437217182926362,1.0526315789473684
29.614035802100215,1480.7017901050108,-2841.0930618736893,0.0030808898907723646,1.5789473684210527
36.69976764347945,1834.988382173973,-3492.8929729624724,0.0030239045140468125,2.1052631578947367
43.06885646750975,2153.442823375488,-4057.327434871775,0.002971679777494863,2.631578947368421
48.87950219506378,2443.9751097531894,-4552.816843235552,0.0029234269358655272,3.1578947368421053
54.238150468340585,2711.907523417029,-4992.447008101408,0.0028785510326957277,3.6842105263157894
59.22093566064542,2961.0467830322714,-5385.8792818806105,0.002836589747898343,4.2105263157894735
63.88464851455801,3194.2324257278988,-5740.4673633652565,0.0027971751445840364,4.7368421052631575
68.27304442509826,3413.6522212549135,-6061.948139287662,0.0027600086242805535,5.263157894736842
72.42077681850338,3621.0388409251686,-6355.023663295535,0.0027093257046607792,5.789473684210526
76.35585570525667,3817.7927852628354,-6623.283763684463,0.0026762989939319816,6.315789473684211
80.10131624858411,4005.065812429206,-6869.7343749834035,0.0026448721009692667,6.842105263157895
83.67640565804294,4183.820282902146,-7096.905091800269,0.0026148982533957927,7.368421052631579
87.09738615105366,4354.869307552682,-7306.923858419272,0.0025862507215946707,7.894736842105263
90.37812399942158,4518.9061999710775,-7501.596934931331,0.00255881932427287,8.421052631578947
93.53059045825239,4676.52952291262,-7682.471161508343,0.0025325075241913707,8.947368421052632
96.56522547448354,4828.261273724175,-7850.882549488859,0.0025072300241040183,9.473684210526315
99.49116937519132,4974.5584687595665,-8007.989668216222,0.0024829114032077094,10.0
0.0,0.0,6.8748288989881985,0.0031394035640234176,0.0
11.49772424591324,574.8862122956621,-1097.4637829394633,0.0030666787436428324,0.5263157894736842
20.57456580896297,1028.7282904481483,-1981.4379639834951,0.003002799818546223,1.0526315789473684
28.281383265724692,1414.069163286235,-2716.1019064618376,0.002945582182251283,1.5789473684210527
35.06563996866235,1753.2819984331181,-3342.2173063828523,0.0028936184885538976,2.1052631578947367
41.16961867668657,2058.4809338343284,-3885.5256612839585,0.0028459364211088755,2.631578947368421
46.74309233610563,2337.1546168052814,-4363.423286124416,0.002801829689002938,3.1578947368421053
51.887063257150714,2594.353162857535,-4788.273407927358,0.002760765188759166,3.6842105263157894
56.67362275734942,2833.6811378674715,-5169.207663383328,0.0027223284963751927,4.2105263157894735
61.156592496318574,3057.8296248159286,-5513.179757936094,0.002686189663890592,4.7368421052631575
65.37748881041887,3268.8744405209436,-5825.617114388318,0.0026520808224221436,5.263157894736842
69.36917829471932,3468.458914735965,-6110.864472539441,0.0026047258562718854,5.789473684210526
73.15823816411009,3657.9119082055054,-6372.536975280505,0.0025743676119562324,6.315789473684211
76.76653463851478,3838.32673192574,-6613.37501982892,0.002545456898000715,6.842105263157895
80.212322181991,4010.6161090995474,-6835.776828506459,0.0025178618396327433,7.368421052631579
83.5110602424106,4175.553012120528,-7041.76059134792,0.002491468578116809,7.894736842105263
86.67594341288269,4333.797170644133,-7233.042332723802,0.0024661778574211392,8.421052631578947
89.71832932852072,4485.916466426039,-7411.091143262609,0.0024419028008221912,8.947368421052632
92.64812164750103,4632.406082375052,-7577.176140309741,0.0024185667113472325,9.473684210526315
95.47406211679922,4773.703105839962,-7732.400961800275,0.002396101448910758,10.0
0.0,0.0,6.8748288989881985,0.002985302827507054,0.0
10.942662233277783,547.1331116638888,-1044.5580131267052,0.002919577706835961,0.5263157894736842
19.593698550774377,979.6849275387185,-1888.119731821207,0.0028617526627386747,1.0526315789473684
26.948070665227313,1347.4035332613657,-2590.73858457763,0.0028098813878647062,1.5789473684210527
33.429067849489364,1671.4533924744687,-3190.8088747778093,0.0027627098855223953,2.1052631578947367
39.26569936793793,1963.284968396897,-3712.580293537416,0.002719371468641453,2.631578947368421
44.59968992411402,2229.9844962057014,-4172.445011686585,0.0026792363681666953,3.1578947368421053
49.5264111098684,2476.3205554934198,-4582.055919456863,0.002641829144988195,3.6842105263157894
54.114076414923446,2705.703820746172,-4950.023441257865,0.0026067800330659436,4.2105263157894735
58.41359482782559,2920.679741391281,-5282.907334654112,0.0025737945074531337,4.7368421052631575
62.46424082744543,3123.21204137227,-5585.830172722177,0.0025426333359270443,5.263157894736842
66.29711552185317,3314.8557760926606,-5862.87463190718,0.002513098994588912,5.789473684210526
69.93737113667271,3496.868556833635,-6117.405980039563,0.0024707470472388137,6.315789473684211
73.40571031375536,3670.285515687768,-6352.17722364892,0.0024442714794923916,6.842105263157895
76.71942895032547,3835.9714475162705,-6569.364871936792,0.0024189814523467652,7.368421052631579
79.89315019036746,3994.657509518374,-6770.8790369467315,0.002394775034561607,7.894736842105263
82.93942552406688,4146.971276203347,-6958.343497814851,0.0023715634972510426,8.421052631578947
85.86900468044648,4293.4502340223235,-7133.151826698195,0.0023492688625350823,8.947368421052632
88.69126618733773,4434.56330936689,-7296.505975034626,0.0023278224932570535,9.473684210526315
91.41451223863304,4570.72561193165,-7449.453487503764,0.0023071632777456903,10.0
0.0,0.0,6.8748288989881985,0.002831776309863308,0.0
10.388667984430644,519.4333992215321,-991.71460266762,0.002772669289504355,0.5263157894736842
18.613472292983595,930.6736146491796,-1794.7121864123474,0.0027205825325989984,1.0526315789473684
25.614106923782874,1280.705346189143,-2465.005711670885,0.0026737905208215162,1.5789473684210527
31.78998682058341,1589.4993410291713,-3038.6707834508343,0.0026311812278503625,2.1052631578947367
37.35718069666898,1867.8590348334483,-3538.4940448761117,0.0025919860775558174,2.631578947368421
42.449231038857434,2122.461551942872,-3979.8823261338475,0.002555646297489373,3.1578947368421053
47.156152157238296,2357.807607861915,-4373.791114199361,0.0025217399512755417,3.6842105263157894
51.54228620082483,2577.114310041242,-4728.3184191947075,0.0024899387676377205,4.2105263157894735
55.65562758499467,2782.7813792497336,-5049.6361528539055,0.0024599811740924054,4.7368421052631575
59.533232719328645,2976.6616359664313,-5342.565808388004,0.0024316546651067354,5.263157894736842
63.204461111405024,3160.22305557025,-5610.95255530141,0.0024047836498700555,5.789473684210526
66.69308734744514,3334.6543673722576,-5857.915316577761,0.00237922107746353,6.315789473684211
70.01864582800799,3500.9322914004,-6086.09154755099,0.002341295380725449,6.842105263157895
73.19746727903795,3659.8733639518973,-6297.608873817742,0.0023182333455202403,7.368421052631579
76.24337827747418,3812.1689138737097,-6494.20600789076,0.0022961432460449614,7.894736842105263
79.16823016802948,3958.4115084014716,-6677.416167109222,0.0022749460304574876,8.421052631578947
81.98221657420021,4099.110828710009,-6848.555312409451,0.0022545723164638636,8.947368421052632
84.69419837651887,4234.709918825945,-7008.76126715717,0.0022349607639088652,9.473684210526315
87.31201414174382,4365.600707087192,-7159.023244517281,0.002216057021938831,10.0
0.0,0.0,6.8748288989881985,0.0026788192515099247,0.0
9.83573524379366,491.786762189683,-938.9335659105855,0.0026259534345496466,0.5263157894736842
17.633860666672657,881.6930333336335,-1701.2168170891819,0.002579291691859916,1.0526315789473684
24.27946311194408,1213.9731555972041,-2338.906222987731,0.002537312513783213,1.5789473684210527
30.148455914397267,1507.4227957198639,-2885.805849893921,0.002499035133664302,2.1052631578947367
35.4439901759025,1772.199508795125,-3363.268886373684,0.0024637816043062417,2.631578947368421
40.29175155086547,2014.5875775432742,-3785.735127357424,0.002431058960339716,3.1578947368421053
44.77632894019486,2238.8164470097427,-4163.4752441395685,0.0024004948113798357,3.6842105263157894
48.95822848476021,2447.911424238009,-4504.0835817765255,0.002371799340084065,4.2105263157894735
52.88262503897195,2644.131251948597,-4813.350448687837,0.0023447415308792434,4.7368421052631575
56.58438654051835,2829.219327025917,-5095.801559194377,0.0023191335895328623,5.263157894736842
60.091139163789705,3004.556958189485,-5355.047252886012,0.0022948203419950806,5.789473684210526
63.425234619460674,3171.261730973032,-5594.016965617542,0.0022716718392715284,6.315789473684211
66.60513536604824,3330.256768302413,-5815.124166933754,0.0022495777883522632,6.842105263157895
69.64619661123302,3482.309830561648,-6020.448204374901,0.0022155938018257877,7.368421052631579
72.56143360828634,3628.071680414318,-6211.6691789672695,0.0021955461342735845,7.894736842105263
75.36201481915097,3768.1007409575495,-6390.1750497196845,0.0021762951518280427,8.421052631578947
78.0575767834419,3902.878839172091,-6557.204299898964,0.0021577794398995806,8.947368421052632
80.65646175512293,4032.823087756146,-6713.830034825165,0.0021399446157333458,9.473684210526315
83.16606258218101,4158.30312910905,-6860.984961667695,0.0021227424534804445,10.0
0.0,0.0,6.8748288989881985,0.0025264269555867864,0.0
9.283857837819168,464.1928918909585,-886.2149145310395,0.0024794300782999975,0.5263157894736842
16.654861838267287,832.7430919133644,-1607.63509398335,0.0024378823900720282,1.0526315789473684
22.944182857347137,1147.2091428673573,-2212.442941489804,0.002400450326758063,1.5789473684210527
28.504444832375466,1425.2222416187738,-2732.2174667992294,0.0023662741390528467,2.1052631578947367
33.52620272573571,1676.3101362867862,-3186.907010053583,0.002334759449685483,2.631578947368421
38.127223103842695,1906.3611551921344,-3590.0032630089336,0.00230547397083708,3.1578947368421053
42.38685710131625,2119.3428550658127,-3951.104749033744,0.0022780910610768978,3.6842105263157894
46.36183181898359,2318.091590949182,-4277.310956972207,0.0022523564288344806,4.2105263157894735
50.094507281713355,2504.725364085666,-4574.036731286054,0.0022280673163546883,4.7368421052631575
53.61758434485699,2680.8792172428502,-4845.5157503107985,0.0022050588787319563,5.263157894736842
56.95698478759223,2847.8492393796114,-5095.12758978756,0.0021831947890542003,5.789473684210526
60.13369009418957,3006.684504709481,-5325.615972438798,0.0021623607962558554,6.315789473684211
63.16498885191909,3158.2494425959558,-5539.240552856361,0.002142460066839845,6.842105263157895
66.06537246982249,3303.2686234911234,-5737.888028395777,0.0021234095037319556,7.368421052631579
68.84703053285834,3442.3515266429167,-5923.196106488089,0.002092956575141991,7.894736842105263
71.52043891734915,3576.0219458674565,-6096.534434896777,0.0020755803771549,8.421052631578947
74.09469477434175,3704.7347387170857,-6259.000244407049,0.002058856373980782,8.947368421052632
76.57761092105483,3828.8805460527396,-6411.600168469347,0.0020427367679935558,9.473684210526315
78.9761529920785,3948.807649603925,-6555.212108671571,0.00202717898059821,10.0
0.0,0.0,6.8748288989881985,0.0023745947868108555,0.0
8.7330474064588,436.65237032293993,-833.5586575994676,0.0023330991506746094,0.5263157894736842
15.676505357375444,783.8252678687718,-1513.9683872984606,0.0022963568798678572,1.0526315789473684
21.60825138433404,1080.4125692167015,-2085.6186207030114,0.002263206933042868,1.5789473684210527
26.85797725208259,1342.8988626041287,-2577.9088877722825,0.002232900834591107,2.1052631578947367
31.60375254085192,1580.1876270425964,-3009.411117786687,0.002204920990006597,2.631578947368421
35.95564706970959,1797.7823534854795,-3392.6874172061725,0.0021788909087906653,3.1578947368421053
39.98775720068854,1999.3878600344276,-3736.676582148575,0.002154526060832434,3.6842105263157894
43.75308510019322,2187.6542550096606,-4047.992081016513,0.0021316048685429937,4.2105263157894735
47.291215679302596,2364.5607839651293,-4331.679902558331,0.0021099505911243923,4.7368421052631575
50.63274572540969,2531.637286270482,-4591.687036108051,0.002089419458489616,5.263157894736842
53.801886878470064,2690.094343923504,-4831.1644185728,0.0020698926218320735,5.789473684210526
56.81825918079397,2840.9129590396983,-5052.672183881121,0.002051270399470713,6.315789473684211
59.69803103005582,2984.901551502792,-5258.320462443793,0.0020334681894053153,6.842105263157895
62.45476239372192,3122.738119686095,-5449.869763177005,0.0020164135280264896,7.368421052631579
65.09988510405275,3254.9942552026378,-5628.807202202057,0.0020000436290712157,7.894736842105263
67.64317433437415,3382.1587167187076,-5796.409383662627,0.0019727710328945993,8.421052631578947
70.09318260996571,3504.6591304982876,-5953.843993045783,0.0019577690530846637,8.947368421052632
72.45720639926614,3622.8603199633085,-6101.9591028203795,0.001943299668132645,9.473684210526315
74.74178432148223,3737.089216074112,-6241.577220759718,0.0019293256341148582,10.0
0.0,0.0,6.8748288989881985,0.002223318170358013,0.0
8.183287596262215,409.16437981311105,-780.9648016421561,0.0021869605753437786,0.5263157894736842
14.69877139907105,734.938569953553,-1420.2182755898684,0.0021547173392838623,1.0526315789473684
20.271649743026025,1013.5824871513013,-1958.4358477424394,0.0021255853355830632,1.5789473684210527
25.2090622136147,1260.4531106807353,-2422.8831085539205,0.00209891788136908,2.1052631578947367
29.676716156439937,1483.8358078219974,-2830.7833191668906,0.002074267749593248,2.631578947368421
33.7770382690791,1688.8519134539556,-3193.7873743845266,0.0020513095682837077,3.1578947368421053
37.57901462577373,1878.950731288686,-3520.1872800537312,0.002029797376443164,3.6842105263157894
41.13197011688692,2056.598505844346,-3816.1193528992662,0.002009539592173412,4.2105263157894735
44.47274742674409,2223.6373713372036,-4086.266634664222,0.001990383379246577,4.7368421052631575
47.62980331813214,2381.490165906606,-4334.29368622895,0.0019722043778944544,5.263157894736842
50.62573290147189,2531.2866450735964,-4563.127841290501,0.0019548996937950674,5.789473684210526
53.47880262795246,2673.940131397621,-4775.147256397242,0.001938383059074583,6.315789473684211
56.20406226896067,2810.203113448033,-4972.313744247862,0.0019225812270363826,6.842105263157895
58.81413735591579,2940.706867795789,-5156.265177009693,0.0019074313719487366,7.368421052631579
61.31971685486697,3065.985842743348,-5328.384416712324,0.0018928791436815034,7.894736842105263
63.72990048084283,3186.495024042142,-5489.850500778317,0.00187887709198033,8.421052631578947
66.05265790314544,3302.632895157273,-5641.676770582315,0.0018653835585320166,8.947368421052632
68.2948109305335,3414.7405465266734,-5784.793332526577,0.0018415955249531045,9.473684210526315
70.4624580048436,3523.1229002421783,-5919.951727529224,0.0018291410938608517,10.0
0.0,0.0,6.8748288989881985,0.0020725925907709012,0.0
7.6345651658802165,381.72825829401074,-728.4333507036208,0.0020410142698842836,0.5263157894736842
13.721646356758644,686.0823178379322,-1326.3862033415498,0.0020129659613096294,1.0526315789473684
18.93443808923512,946.7219044617563,-1830.8975549945026,0.001987588478957149,1.5789473684210527
23.557683905278196,1177.8841952639095,-2267.143445844209,0.0019643279391237294,2.1052631578947367
27.74502288206129,1387.251144103064,-2651.02630918262,0.001942801267907565,2.631578947368421
31.591353805471933,1579.5676902735959,-2993.3040993971736,0.00192272973026925,3.1578947368421053
35.16058736377697,1758.029368188848,-3301.634295126096,0.0019039025880478414,3.6842105263157894
38.4984214315546,1924.9210715777288,-3581.684767180137,0.0018861556691102993,4.2105263157894735
41.638999288339335,2081.9499644169664,-3837.7828194266694,0.001869357942415965,4.7368421052631575
44.60869303005758,2230.4346515028797,-4073.3152817839145,0.001853402767242937,5.263157894736842
47.42841669403449,2371.420834701724,-4290.988234487973,0.0018382019206348132,5.789473684210526
50.115177006632834,2505.758850331641,-4493.002212694584,0.0018236813536728557,6.315789473684211
52.682893774025814,2634.1446887012917,-4681.1715789696755,0.0018097782284962505,6.842105263157895
55.143270584014076,2757.163529200703,-4857.013395027687,0.0017964385909150918,7.368421052631579
57.50625745915171,2875.312872957584,-5021.80779714977,0.0017836157680291736,7.894736842105263
59.78028359452514,2989.0141797262586,-5176.647853058959,0.001771268989076371,8.421052631578947
61.97274843512165,3098.6374217560824,-5322.4723084023935,0.0017593624598695925,8.947368421052632
64.08999361288804,3204.4996806443996,-5460.096310650311,0.0017478644697591355,9.473684210526315
66.13768796465642,3306.884398232821,-5590.229749062426,0.0017367468479848511,10.0
0.0,0.0,6.8748288989881985,0.0019224135908921646,0.0
7.086874254399345,354.34371271996713,-675.9643064044649,0.00189526014593053,0.5263157894736842
12.745129899389742,637.2564949694874,-1232.4735997142707,0.0018711049227527767,1.0526315789473684
17.59657380580947,879.828690290473,-1703.0065221570403,0.0018492193267978278,1.5789473684210527
21.903894292617203,1095.19471463086,-2110.6932684509666,0.0018291336796664901,2.1052631578947367
25.808763993886664,1290.4381996943332,-2470.142757822141,0.0018105231344487571,2.631578947368421
29.398665052501357,1469.9332526250687,-2791.2378785269975,0.0017931513166328833,3.1578947368421053
32.732512553270794,1636.625627663539,-3081.0144888732466,0.0017768394604962873,3.6842105263157894
35.852432839384115,1792.6216419692053,-3344.6812387099562,0.0017614482819655064,4.2105263157894735
38.78992694651712,1939.4963473258563,-3586.215154203688,0.0017468666139935092,4.7368421052631575
41.56931257539233,2078.465628769616,-3808.7307198738126,0.0017330039326029201,5.263157894736842
44.20986341283878,2210.49317064194,-4014.7169247243655,0.0017197853322925597,5.789473684210526
46.72724046990329,2336.362023495166,-4206.1980665953015,0.0017071479384982117,6.315789473684211
49.134349276597035,2456.717463829852,-4384.844934355351,0.0016950383531328446,6.842105263157895
51.441940516885296,2572.0970258442644,-4552.0536804444855,0.0016834107455360823,7.368421052631579
53.65924086019802,2682.962043009902,-4709.004421676487,0.0016722254271782167,7.894736842105263
55.7940063607965,2789.700318039825,-4856.703932884302,0.0016614477386498348,8.421052631578947
57.853085843857244,2892.65429219286,-4996.018403050097,0.0016510472233412343,8.947368421052632
59.84232907602211,2992.116453801105,-5127.69947808086,0.0016409969044872239,9.473684210526315
61.766991850848946,3088.3495925424468,-5252.402332061276,0.0016312728059080445,10.0
0.0,0.0,6.8748288989881985,0.0017727767708222329,0.0
6.540209075863988,327.01045379319925,-623.5576680034137,0.0017496981093215016,0.5263157894736842
11.769262912976245,588.4631456488125,-1138.4818821596418,0.0017291363835522727,1.0526315789473684
16.258063860839293,812.9031930419645,-1574.765487737226,0.0017104808479667174,1.5789473684210527
20.247639717556417,1012.381985877821,-1953.5356832772522,0.001693337833137299,2.1052631578947367
23.867860081443187,1193.3930040721593,-2288.1349913229205,0.0016774350385303464,2.631578947368421
27.19890199052721,1359.9450995263599,-2587.589617215206,0.0016625743205158127,3.1578947368421053
30.294747958067312,1514.737397903366,-2858.325690028927,0.0016486058222377805,3.6842105263157894
33.19399867166292,1659.6999335831465,-3105.1011506553623,0.0016354127629645198,4.2105263157894735
35.9255042307356,1796.27521153678,-3331.5506058878454,0.0016229018889118085,4.7368421052631575
38.51159489541489,1925.5797447707437,-3540.519832588354,0.001610997290290262,5.263157894736842
40.969940855887195,2048.497042794361,-3734.284985391423,0.0015996360943948784,5.789473684210526
43.314863886255296,2165.743194312765,-3914.69700632109,0.0015887655541721565,6.315789473684211
45.55825596197194,2277.9127980985972,-4083.2848560027487,0.0015783408187917832,6.842105263157895
47.70994680237209,2385.4973401186035,-4241.326038585197,0.0015683234235146512,7.368421052631579
49.77840849044233,2488.920424522117,-4389.901620901124,0.0015586800047569375,7.894736842105263
51.77076377865236,2588.5381889326177,-4529.933062620417,0.0015493814699826594,8.421052631578947
53.69331033380369,2684.6655166901846,-4662.215001944445,0.001540402193181852,8.947368421052632
55.55140416499207,2777.5702082496036,-4787.435931072767,0.001531719502653721,9.473684210526315
57.349896086246176,2867.494804312307,-4906.197276105697,0.0015233132301891003,10.0
0.0,0.0,6.8748288989881985,0.0016236777868760565,0.0
5.994563450528766,299.7281725264385,-571.2134051051689,0.00160432806767476,0.5263157894736842
10.794000515070742,539.7000257535368,-1044.4123945932079,0.0015870624961795811,1.0526315789473684
14.918953256728086,745.9476628364044,-1446.1770378880901,0.0015713760264072032,1.5789473684210527
18.589004589314904,929.4502294657453,-1795.6741102167725,0.001556943131867935,2.1052631578947367
21.92240040261491,1096.1200201307456,-2105.0061294613115,0.0015435386812110102,2.631578947368421
24.992112571649745,1249.605628582487,-2382.3600736753433,0.0015309988336098784,3.1578947368421053
27.84727199517085,1392.363599758542,-2633.565110812109,0.0015191996528157157,3.6842105263157894
30.523064679709755,1526.1532339854878,-2862.938041691181,0.0015080445513693582,4.2105263157894735
33.04569818202539,1652.2849091012692,-3073.7759927919615,0.001497456414333195,4.7368421052631575
35.435477175288995,1771.7738587644494,-3268.6628289160653,0.001487372400130697,5.263157894736842
37.70855533178062,1885.4277665890306,-3449.663922513122,0.0014777405168438255,5.789473684210526
39.87793460217043,1993.896730108521,-3618.4613144115065,0.0014685170620280874,6.315789473684211
41.954448628730994,2097.7224314365485,-3776.442799820834,0.0014596649429571788,6.842105263157895
43.947070930635896,2197.3535465317946,-3924.7705007019613,0.0014511522688818834,7.368421052631579
45.86350633402666,2293.175316701334,-4064.426435482921,0.0014429514168292086,7.894736842105263
47.710256356446855,2385.512817822343,-4196.249240691839,0.0014350382753194923,8.421052631578947
49.493071072909856,2474.653553645494,-4320.961967683703,0.0014273915867553063,8.947368421052632
51.21682586463295,2560.841293231647,-4439.190640007677,0.0014199925875853067,9.473684210526315
52.88593759865085,2644.2968799325413,-4551.483713468719,0.0014128245236321327,10.0
0.0,0.0,6.8748288989881985,0.0014751123495553725,0.0
5.449938446700406,272.49692233502026,-518.9315464221872,0.0014591499051248274,0.5263157894736842
9.819342432460964,490.967121623048,-950.266603736949,0.0014448853748711369,1.0526315789473684
13.579198580269146,678.9599290134574,-1317.2441631156835,0.0014319078023509397,1.5789473684210527
16.92792577676208,846.3962888381039,-1637.111939459428,0.0014199523489518237,2.1052631578947367
19.972321854656464,998.6160927328235,-1920.7586916914297,0.0014088358627290054,2.631578947368421
22.778284804766514,1138.9142402383254,-2175.5502642904758,0.0013984250242801955,3.1578947368421053
25.390143589437503,1269.5071794718751,-2406.731035269462,0.0013886190191309843,3.6842105263157894
27.839608628985886,1391.9804314492942,-2618.1846552236675,0.001379339260086899,4.2105263157894735
30.15044860664467,1507.522430332233,-2812.879313731959,0.0013705229575943468,4.7368421052631575
32.34091909215087,1617.0459546075447,-2993.1395344852717,0.0013621190042733228,5.263157894736842
34.42562133032058,1721.2810665160293,-3160.8260973965807,0.0013540850343354797,5.789473684210526
36.41631755883134,1820.8158779415667,-3317.4528825968955,0.0013463854851712839,6.315789473684211
38.32277142482512,1916.138571241257,-3464.270871233857,0.0013389901355875602,6.842105263157895
40.153114228089336,2007.6557114044663,-3602.3272751284167,0.0013318729893482153,7.368421052631579
41.91429484956085,2095.7147424780433,-3732.5068649365858,0.0013250115725709855,7.894736842105263
43.612196465317155,2180.609823265858,-3855.566794941995,0.001318386196751705,8.421052631578947
45.252025032074776,2262.60125160374,-3972.1587592954165,0.0013119795479340896,8.947368421052632
46.838189463064225,2341.9094731532123,-4082.8482347913014,0.0013057763176668787,9.473684210526315
48.37466590175504,2418.7332950877526,-4188.130495271107,0.0012997628298269696,10.0
0.0,0.0,6.8748288989881985,0.0013270762245226368,0.0
4.90634103011754,245.31705150587703,-466.71208611057955,0.0013141635111763572,0.5263157894736842
8.845303285761718,442.26516428808605,-856.0459285998513,0.0013026071270343578,1.0526315789473684
12.238831159481688,611.941557974084,-1187.9695475668268,0.0012920791517260473,1.5789473684210527
15.264466270075395,763.2233135037702,-1477.8523542678013,0.0012823682918408658,2.1052631578947367
18.017696845505807,900.8848422752897,-1735.3957384101086,0.0012733284082059775,2.631578947368421
20.557412214617226,1027.8706107308612,-1967.1614380609826,0.001264853166497194,3.1578947368421053
22.923297305292618,1146.1648652646306,-2177.820965594554,0.0012568621406485647,3.6842105263157894
25.143665721731626,1257.183286086581,-2370.83515908572,0.0012492926025449225,4.2105263157894735
27.239717120169608,1361.9858560084801,-2548.84768330105,0.0012420944840867538,4.7368421052631575
29.227850766551704,1461.3925383275857,-2713.9311253009582,0.0012352269713552804,5.263157894736842
31.12105346244652,1556.0526731223263,-2867.743649109718,0.0012286562523781827,5.789473684210526
32.92989477974078,1646.4947389870388,-3011.634999152433,0.00122235395665005,6.315789473684211
34.6630767034643,1733.1538351732152,-3146.721743253991,0.0012162959060885328,6.842105263157895
36.32788556108104,1816.3942780540515,-3273.9367440986025,0.0012104613968264965,7.368421052631579
37.930541850064216,1896.5270925032105,-3394.0709128729286,0.0012048324328854882,7.894736842105263
39.47631355875976,1973.8156779379879,-3507.800151775664,0.0011993932735693302,8.421052631578947
40.969845768388836,2048.492288419442,-3615.705549694998,0.0011941301210098806,8.947368421052632
42.41511354667851,2120.755677333925,-3718.293298291799,0.0011890307043965463,9.473684210526315
43.81564275030954,2190.7821375154763,-3816.0060509579125,0.0011840840806375355,10.0
0.0,0.0,6.8748288989881985,0.0011795652314779373,0.0
4.36374716014762,218.187358007381,-414.55501471544267,0.0011693687705181693,0.5263157894736842
7.871895922401211,393.5947961200608,-761.7517278200394,0.0011602298513066992,1.0526315789473684
10.897862945940894,544.8931472970444,-1058.3558715834515,0.0011518930419366737,1.5789473684210527
13.598598369949855,679.9299184974932,-1317.8988797607017,0.0011441937707429373,2.1052631578947367
16.058485737406176,802.9242868703083,-1548.9202625216858,0.0011370182286469682,2.631578947368421
18.329544373308615,916.4772186654302,-1757.1944573990622,0.0011302836350677652,3.1578947368421053
20.44674317865495,1022.337158932747,-1946.8337301696301,0.0011239273188810724,3.6842105263157894
22.435175925636894,1121.758796281845,-2120.8828482128447,0.0011179004759670765,4.2105263157894735
24.313485138544625,1215.6742569272315,-2281.6697338668164,0.0011121640814358948,4.7368421052631575
26.09621261097244,1304.810630548622,-2431.0186931333956,0.001106686343084762,5.263157894736842
27.794774431916068,1389.7387215958036,-2570.3892915451434,0.0011014409522913382,5.789473684210526
29.41856141396052,1470.9280706980269,-2700.9713869407497,0.0010964057535481732,6.315789473684211
30.97521694653415,1548.7608473267073,-2823.747375917337,0.0010915619512610983,6.842105263157895
32.47120705728198,1623.5603528640988,-2939.540200912037,0.001086893383783442,7.368421052631579
33.91202732739553,1695.6013663697768,-3049.047179851681,0.0010823860073003175,7.894736842105263
35.30233103620425,1765.116551810212,-3152.863494714984,0.0010780275775276165,8.421052631578947
36.64621789857765,1832.310894928882,-3251.5023850641883,0.0010738073144498407,8.947368421052632
37.947231857129,1897.3615928564495,-3345.4105354143467,0.0010697156394631115,9.473684210526315
39.2084750200262,1960.4237510013108,-3434.9786135539325,0.0010657440163685439,10.0
0.0,0.0,6.8748288989881985,0.0010325752425035392,0.0
3.8221514059581665,191.1075702979084,-362.4603206823522,0.0010247655627140257,0.5263157894736842
6.899090740841265,344.9545370420633,-667.385362568617,0.0010177556260531364,1.0526315789473684
9.5562653004025,477.813265020125,-928.4058223298925,0.0010113524367286735,1.5789473684210527
11.930358161036917,596.517908051846,-1157.2550337068533,0.0010054316359016796,2.1052631578947367
14.09473764140821,704.7368820704104,-1361.3349035402061,0.0009999073034337087,2.631578947368421
16.094640672524356,804.7320336262183,-1545.6513314558106,0.0009947168586322407,3.1578947368421053
17.96052588364483,898.0262941822416,-1713.7670864482934,0.0009898130275325038,3.6842105263157894
19.71413186013709,985.706593006854,-1868.322265874158,0.0009851588968003457,4.2105263157894735
21.371751544577705,1068.587577228885,-2011.3339549299708,0.000980725010126875,4.7368421052631575
22.94595646802239,1147.2978234011198,-2144.3833133274748,0.0009764873690191773,5.263157894736842
24.446726249118093,1222.3363124559046,-2268.7368723433246,0.0009724260525499243,5.789473684210526
25.882214493525808,1294.1107246762908,-2385.4254269545345,0.0009685243570540816,6.315789473684211
27.259062916004183,1362.9531458002084,-2495.301412190209,0.0009647680720285982,6.842105263157895
28.58291112012511,1429.1455560062557,-2599.0794480544355,0.0009611449572768929,7.368421052631579
29.858540387681934,1492.927019384097,-2697.3642678102988,0.0009576444115335181,7.894736842105263
31.08999801916084,1554.4999009580426,-2790.672171362203,0.0009542571882737078,8.421052631578947
32.28084132437425,1614.0420662187125,-2879.449635328492,0.0009509751132585341,8.947368421052632
33.43419369820926,1671.7096849104628,-2964.0846388965947,0.0009477909386868196,9.473684210526315
34.552735881084686,1727.6367940542348,-3044.916279071367,0.0009446982190619016,10.0
0.0,0.0,6.8748288989881985,0.0008861021811557368,0.0
3.2815484030632485,164.07742015316228,-310.42799022208783,0.0008803537623790097,0.5263157894736842
5.926886488671361,296.3443244335681,-572.948144398033,0.000875186516659586,1.0526315789473684
8.214091798936938,410.70458994684685,-798.122347786586,0.0008704602823550122,1.5789473684210527
10.259743773187266,512.9871886593631,-995.9239910362521,0.0008660847823323829,2.1052631578947367
12.126441191686357,606.3220595843177,-1172.6433453367645,0.0008619976247644998,2.631578947368421
13.85274749242731,692.637374621366,-1332.5328869165678,0.0008581534213226864,3.1578947368421053
15.46460506459905,773.2302532299522,-1478.6204498604493,0.0008545178101211696,3.6842105263157894
16.980539467062112,849.0269733531063,-1613.1476688851108,0.0008510640462759267,4.2105263157894735
18.414461387156816,920.7230693578405,-1737.8287257260672,0.0008477707328262239,4.7368421052631575
19.777047999035087,988.8523999517544,-1854.007676549969,0.0008446204257842139,5.263157894736842
21.076842383254345,1053.8421191627176,-1962.7597595370025,0.000841598698192701,5.789473684210526
22.32076263948117,1116.0381319740584,-2064.9613939115225,0.0008386934143041873,6.315789473684211
23.514493787628638,1175.724689381432,-2161.337904866523,0.0008358942336775561,6.842105263157895
24.662840377658355,1233.1420188829165,-2252.4966126902727,0.000833192278387259,7.368421052631579
25.769882265740474,1288.4941132870242,-2338.951125050233,0.000830579865934105,7.894736842105263
26.839076087430897,1341.9538043715447,-2421.1416513495133,0.0008280502569797766,8.421052631578947
27.873447488608214,1393.672374430411,-2499.4480805669446,0.0008255975100693037,8.947368421052632
28.87566674493716,1443.7833372468576,-2574.200525742759,0.0008232163641577078,9.473684210526315
29.848040343718104,1492.4020171859052,-2645.687566098466,0.0008209021374921855,10.0
