z,T_rho,T,p,qv,qsat,ql,qi,h,T_env,q_env,h_env,ent
50.0,302.8262228260869,300.0,100000.0,0.0155,0.02226665617123077,0.0,0.0,66618.74505250002,299.9963394336978,0.015520265209605283,66666.16809042632,0.0
100.0,302.3403799236295,299.5186913822158,99437.29814783567,0.0155,0.02176097517022791,0.0,0.0,66618.74505250002,299.5694889215432,0.015218379753143768,65959.74979796549,0.0
150.0,301.854537021172,299.0373827644316,98876.8660278752,0.0155,0.021264876857193186,0.0,0.0,66618.74505250002,299.14175480869153,0.014920536705944619,65262.85510091529,0.0
200.0,301.3686941187146,298.5560741466474,98318.69811303161,0.0155,0.02077821850151852,0.0,0.0,66618.74505250002,298.71314239521206,0.014626721337991117,64575.44843040084,0.0
250.0,300.88285121625717,298.0747655288632,97762.78888081323,0.0155,0.020300858900381157,0.0,0.0,66618.74505250002,298.28365710142407,0.014336918257803512,63897.49266932373,0.0
300.0,300.39700831379974,297.59345691107904,97209.1328133278,0.0155,0.019832658366437234,0.0,0.0,66618.74505250002,297.85330446621913,0.014051111416438092,63228.949162118704,0.0
350.0,299.91116541134227,297.11214829329487,96657.72439728609,0.0155,0.019373478715746913,0.0,0.0,66618.74505250002,297.42209014529584,0.013769284111949482,62569.7777255953,0.0
400.0,299.4253225088848,296.63083967551063,96108.55812400479,0.0155,0.01892318325592412,0.0,0.0,66618.74505250002,296.9900199093081,0.013491418994315921,61919.93666086345,0.0
450.0,298.93947960642737,296.14953105772645,95561.628489411,0.0155,0.018481636774503304,0.0,0.0,66618.74505250002,296.55709964193,0.013217498070825973,61279.38276634085,0.0
500.0,298.45363670396995,295.66822243994227,95016.92999404533,0.0155,0.01804870552751428,0.0,0.0,66618.74505250002,296.1233353378359,0.012947502711922729,60648.071351829305,0.0
550.0,297.9677938015125,295.1869138221581,94474.45714306565,0.0155,0.017624257228259523,0.0,0.0,66618.74505250002,295.6887331006,0.01268141365750448,60025.95625366028,0.0
600.0,297.4819508990551,294.7056052043739,93934.20444625041,0.0155,0.017208161036285034,0.0,0.0,66618.74505250002,295.2532991405157,0.012419211023676489,59412.989850895,0.0
650.0,296.99610799659763,294.2242965865897,93396.16641800293,0.0155,0.016800287546538645,0.0,0.0,66618.74505250002,294.8170397723367,0.012160874309949964,58809.12308256996,0.0
700.0,296.5102650941402,293.7429879688055,92860.33757735442,0.0155,0.01640050877870854,0.0,0.0,66618.74505250002,294.37996141294235,0.011906382406882679,58214.30546597434,0.0
750.0,296.0244221916828,293.2616793510213,92326.71244796783,0.0155,0.016008698166733913,0.0,0.0,66618.74505250002,293.9420705789284,0.011655713604155696,57628.48511594592,0.0
800.0,295.53857928922537,292.78037073323713,91795.28555814165,0.0155,0.015624730548483281,0.0,0.0,66618.74505250002,293.50337388412674,0.011408845599079528,57051.6087651698,0.0
850.0,295.22444224257083,292.4823519452316,91266.05144081358,0.015425123110935968,0.015425123110935968,0.0,0.0,66617.0168901281,293.2156446443741,0.011271860234978162,56904.926170320105,0.000588235294117647
900.0,294.896591153868,292.19116064662893,90739.31028362118,0.015234067046658202,0.015234067046658202,0.0,0.0,66329.8081789998,292.91554038418474,0.011127554894874067,56727.314744298565,0.0005555555555555556
950.0,294.57401558858265,291.9041118832433,90215.02866900043,0.015048802362958157,0.015048802362958157,0.0,0.0,66061.4937604784,292.6198340026094,0.010987723200741692,56565.50674304562,0.0005263157894736842
1000.0,294.25608876349446,291.6206962818639,89693.20714761667,0.014868717609144896,0.014868717609144896,0.0,0.0,65810.0095117513,292.32798931853637,0.010851895010223529,56417.769256454514,0.0005
1050.0,293.94227896947035,291.34048135318,89173.84503375909,0.01469329612185339,0.01469329612185339,0.0,0.0,65573.60918464804,292.0395511795049,0.010719673113206627,56282.63602351118,0.0004761904761904762
1100.0,293.6321312061416,291.06309667110935,88656.9405948177,0.014522097561983102,0.014522097561983102,0.0,0.0,65350.80264257144,291.7541298361453,0.010590719011883173,56158.85561464833,0.00045454545454545455
1150.0,293.3252530330724,290.7882224477329,88142.49120476973,0.014354743725553572,0.014354743725553572,0.0,0.0,65140.308359785326,291.47138889808105,0.010464741995199357,56045.35158052575,0.0004347826086956522
1200.0,293.02130352834007,290.51558061231486,87630.49346984898,0.014190907496248475,0.014190907496248475,0.0,0.0,64941.01641267498,291.191035930642,0.010341490634328937,55941.1914036159,0.0004166666666666667
1250.0,292.7199845711926,290.24492776430753,87120.94333244282,0.014030304142055458,0.014030304142055458,0.0,0.0,64751.95930490378,290.91281502765065,0.010220746084098469,55845.56202233107,0.0004
1300.0,292.42103388632,289.9760495476165,86613.8361577467,0.013872684384708959,0.013872684384708959,0.0,0.0,64572.288721178156,290.63650088272954,0.010102316749915,55757.750329090726,0.0003846153846153846
1350.0,292.1242194397803,289.7087561159542,86109.166806618,0.013717828826501913,0.013717828826501913,0.0,0.0,64401.25682318042,290.36189401089086,0.009986033999984547,55677.12747908247,0.00037037037037037035
1400.0,291.8293348836542,289.44287844517817,85606.92969727861,0.013565543428169334,0.013565543428169334,0.0,0.0,64238.20106479415,290.08881686297343,0.009871748686782708,55603.13615151691,0.00035714285714285714
1450.0,291.5361958227789,289.1782653098752,85107.11885792647,0.013415655809141145,0.013415655809141145,0.0,0.0,64082.53176240195,289.81711064023216,0.00975932830157349,55535.280122212425,0.0003448275862068965
1500.0,291.24463673200603,288.91478078580747,84609.72797187362,0.013268012197396671,0.013268012197396671,0.0,0.0,63933.72184261144,289.5466326631659,0.009648654628891471,55473.11566287337,0.0003333333333333333
1550.0,290.9545083927497,288.6523021723098,84114.75041649594,0.013122474897003576,0.013122474897003576,0.0,0.0,63791.29832610133,289.27725418292374,0.009539621799390708,55416.24439682478,0.0003225806451612903
1600.0,290.66567574743607,288.3907182527789,83622.17929702219,0.01297892017160426,0.01297892017160426,0.0,0.0,63654.83520706618,289.0088585489911,0.009432134662720502,55364.30732551966,0.0003125
1650.0,290.37801609280893,288.1299278294047,83132.00747599038,0.012837236464664482,0.012837236464664482,0.0,0.0,63523.94746308596,288.7413396658525,0.009326107419464333,55316.979803356764,0.00030303030303030303
1700.0,290.09141754993084,287.8698384819178,82644.2275990466,0.012697322894317185,0.012697322894317185,0.0,0.0,63398.285987138406,288.4746006856875,0.009221462464286748,55273.96728606891,0.0002941176470588235
1750.0,289.80577776161704,287.6103655105281,82158.83211763688,0.01255908797360229,0.01255908797360229,0.0,0.0,63277.53327684489,288.208552895129,0.009118129402423692,55235.001714342216,0.00028571428571428574
1800.0,289.52100277796035,287.35143103124267,81675.81330904637,0.012422448516874681,0.012422448516874681,0.0,0.0,63161.39974940386,287.9431147625548,0.009016044209327575,55199.83842230527,0.0002777777777777778
1850.0,289.23700609831417,287.0929631979729,81195.16329416419,0.012287328700878545,0.012287328700878545,0.0,0.0,63049.62057653254,287.6782111189468,0.00891514850922943,55168.25348223536,0.0002702702702702703
1900.0,288.9537078441305,286.83489553071314,80716.87405328552,0.012153659255026258,0.012153659255026258,0.0,0.0,62941.95295396494,287.413772450487,0.008815388953030101,55140.04141379821,0.0002631578947368421
1950.0,288.67103404180006,286.5771663329124,80240.93744021677,0.012021376760171164,0.012021376760171164,0.0,0.0,62838.173735973025,287.14973428510217,0.008716716679587792,55115.013199484325,0.0002564102564102564
2000.0,288.38891599841503,286.3197181842087,79767.3451949036,0.011890423038929667,0.011890423038929667,0.0,0.0,62738.07737800181,286.8860366583902,0.00861908684737147,55092.994558510254,0.00025
2050.0,288.1072897563858,286.0624974971327,79296.08895477132,0.01176074462361295,0.01176074462361295,0.0,0.0,62641.47414058456,286.62262364691975,0.00852245822575788,55073.824439889344,0.00024390243902439024
2100.0,287.8260956152628,285.80545412834323,78827.1602649366,0.011632292290238122,0.011632292290238122,0.0,0.0,62548.18851578721,286.35944295896286,0.00842679283710733,55057.35370216897,0.0002380952380952381
2150.0,287.5452777110727,285.54854103654134,78360.55058742703,0.01150502064903732,0.01150502064903732,0.0,0.0,62458.05784396903,286.0964455743883,0.008332055642251038,55043.44395281312,0.00023255813953488373
2200.0,287.2647836450676,285.29171398049715,77896.25130952605,0.011378887783462134,0.011378887783462134,0.0,0.0,62370.93109394796,285.83358542679605,0.008238214263236938,55031.966524650124,0.00022727272727272727
2250.0,286.9845641550841,285.03493125167347,77434.25375134376,0.011253854930970359,0.011253854930970359,0.0,0.0,62286.6677839882,285.5708191220858,0.008145238738174874,55022.80157044936,0.00022222222222222223
2300.0,286.7045728237768,284.7781534367958,76974.54917270067,0.011129886199940675,0.011129886199940675,0.0,0.0,62205.13702458398,285.3081056885586,0.00805310130383363,55015.83725965995,0.0002173913043478261
2350.0,286.4247658188707,284.52134320642995,76517.12877940065,0.011006948317931675,0.011006948317931675,0.0,0.0,62126.21666693938,285.04540635440486,0.007961776202314561,55010.96906381285,0.0002127659574468085
2400.0,286.1451016613051,284.26446512621976,76061.98372895803,0.010885010407223816,0.010885010407223816,0.0,0.0,62049.79254347073,284.782684349051,0.007871239508679241,55008.09911910996,0.00020833333333333335
2450.0,285.86554101775033,284.00748548792853,75609.10513583674,0.010764043784182123,0.010764043784182123,0.0,0.0,61975.757788673945,284.5199047253587,0.0077814689768722035,55007.13565642819,0.00020408163265306123
2500.0,285.58604651448246,283.7503721578393,75158.4840762518,0.010644021779479228,0.010644021779479228,0.0,0.0,61904.01223038469,284.2570342001,0.0076924439016630205,55007.99249036944,0.0002
2550.0,285.30658257003057,283.4930944404145,74710.11159257754,0.010524919576637242,0.010524919576637242,0.0,0.0,61834.46184287109,283.99404101049714,0.007604144994655049,55010.58856017578,0.000196078431372549
2600.0,285.0271152443661,283.235622955404,74263.97869740083,0.010406714066701036,0.010406714066701036,0.0,0.0,61767.01825438655,283.7308947849222,0.00751655427268134,55014.8475163307,0.0001923076923076923
2650.0,284.7476121027082,282.9779295268389,73820.0763772545,0.01028938371715257,0.01028938371715257,0.0,0.0,61701.59830281433,283.4675664261079,0.007429654957134488,55020.697347499074,0.00018867924528301886
2700.0,284.4680420922755,282.7199870825543,73378.39559606077,0.010172908453430012,0.010172908453430012,0.0,0.0,61638.12363388663,283.20402800544247,0.007343431382974031,55028.070043181324,0.00018518518518518518
2750.0,284.188375430533,282.461769563063,72938.92729831219,0.010057269551629215,0.010057269551629215,0.0,0.0,61576.5203371847,282.94025266710867,0.007257868916319243,55036.9012880622,0.0001818181818181818
2800.0,283.90858350366847,282.20325183875235,72501.66241201381,0.0099424495411484,0.0099424495411484,0.0,0.0,61516.71861574113,282.67621454098304,0.00717295387967485,55047.13018454624,0.00017857142857142857
2850.0,283.62863877419517,281.94440963450774,72066.59185140794,0.009828432116194425,0.009828432116194425,0.0,0.0,61458.65248559801,282.4118886633518,0.007088673483959731,55058.699000424116,0.00017543859649122806
2900.0,283.3485146967099,281.68521946097496,71633.70651950149,0.009715202055202439,0.009715202055202439,0.0,0.0,61402.25950212295,282.1472509046148,0.007005015766609946,55071.55293898666,0.00017241379310344826
2950.0,283.0681856409597,281.42565855177213,71202.99731041188,0.009602745147337215,0.009602745147337215,0.0,0.0,61347.48051027881,281.8822779032502,0.0069219695351180255,55085.6399292358,0.00016949152542372882
3000.0,282.7876268214668,281.16570480604327,70774.45511154797,0.009491048125344329,0.009491048125344329,0.0,0.0,61294.25941637874,281.6169470054018,0.00683952431544639,55100.91043412281,0.00016666666666666666
3050.0,282.5068142330524,280.9053367358171,70348.07080563884,0.00938009860410478,0.00938009860410478,0.0,0.0,61242.54297914689,281.3512362095205,0.006757670304817914,55117.31727498154,0.0001639344262295082
3100.0,282.2257245916782,280.6445334176984,69923.83527262454,0.009269885024323138,0.009269885024323138,0.0,0.0,61192.28061816278,281.08512411556717,0.006676398328448029,55134.81547055462,0.00016129032258064516
3150.0,281.9443352800858,280.3832744484715,69501.73939141784,0.00916039660084286,0.00916039660084286,0.0,0.0,61143.42423798215,280.81858987832913,0.006595699799827181,55153.36208916922,0.00015873015873015873
3200.0,281.66262429777896,280.12153990424434,69081.77404154961,0.009051623275140266,0.009051623275140266,0.0,0.0,61095.928066421984,280.5516131644627,0.0065155666842116235,55172.91611280493,0.00015625
3250.0,281.3805702149401,279.8593103028021,68663.93010470518,0.008943555671597795,0.008943555671597795,0.0,0.0,61049.74850566367,280.2841741129112,0.006435991465014783,55193.43831191925,0.00015384615384615385
3300.0,281.0981521299166,279.59656656887574,68248.19846616095,0.008836185057200619,0.008836185057200619,0.0,0.0,61004.84399497449,280.01625329838834,0.006356967112826088,55214.89113002609,0.00015151515151515152
3350.0,280.8153496299571,279.33329000206305,67834.57001612896,0.00872950330433896,0.00872950330433896,0.0,0.0,60961.17488397779,279.74783169765107,0.006278487056814333,55237.23857713268,0.00014925373134328358
3400.0,280.53214275490427,279.0694622471671,67423.03565101606,0.00862350285643175,0.00862350285643175,0.0,0.0,60918.70331551347,279.4788906583146,0.006200545158296519,55260.446131230376,0.00014705882352941175
3450.0,280.2485119635887,278.80506526674236,67013.58627460402,0.00851817669611646,0.00851817669611646,0.0,0.0,60877.39311723067,279.2094118699867,0.006123135686276941,55284.48064711953,0.00014492753623188405
3500.0,279.96443810268914,278.54008131566,66606.21279915636,0.008413518315776998,0.008413518315776998,0.0,0.0,60837.20970114407,278.9393773375252,0.0060462532947811835,55309.31027192607,0.00014285714285714287
3550.0,279.67990237785335,278.27449291752475,66200.90614645797,0.008309521690203226,0.008309521690203226,0.0,0.0,60798.119970461186,278.66876935624003,0.005969893001827298,55334.90436673003,0.00014084507042253522
3600.0,279.3948863268907,278.0082828427897,65797.65724879093,0.008206181251197044,0.008206181251197044,0.0,0.0,60760.09223305727,278.3975704888793,0.005894050169891336,55361.23343378129,0.0001388888888888889
3650.0,279.10937179486854,277.741434088435,65396.4570498522,0.00810349186395763,0.00810349186395763,0.0,0.0,60723.09612103731,278.12576354425653,0.0058187204877397,55388.26904883641,0.000136986301369863
3700.0,278.82334091096135,277.4739298590862,64997.29650561705,0.008001448805094565,0.008001448805094565,0.0,0.0,60687.102515876846,277.85333155739005,0.005743899953512121,55415.98379819035,0.00013513513513513514
3750.0,278.5367760669154,277.20575354946203,64600.16658515153,0.007900047742132005,0.007900047742132005,0.0,0.0,60652.08347868394,277.5802577710368,0.005669584858950222,55444.35122001923,0.00013333333333333334
3800.0,278.2496598970046,276.9368887280525,64205.0582713776,0.007799284714379648,0.007799284714379648,0.0,0.0,60618.01218516614,277.3065256185155,0.005595771774676144,55473.34574968529,0.00013157894736842105
3850.0,277.96197525936816,276.66731912193677,63811.96256179497,0.007699156115057751,0.007699156115057751,0.0,0.0,60584.86286492667,277.03211870772617,0.005522457536436256,55502.942668695636,0.00012987012987012987
3900.0,277.67370521862614,276.3970286026594,63420.87046916093,0.007599658674573542,0.007599658674573542,0.0,0.0,60552.61074474674,276.757020806277,0.005449639232229267,55533.11805701895,0.0001282051282051282
3950.0,277.3848330296852,276.1260011730926,63031.77302213303,0.007500789444855809,0.007500789444855809,0.0,0.0,60521.23199554468,276.48121582764344,0.005377314190249003,55563.848748509656,0.00012658227848101267
4000.0,277.0953421226483,275.8542209552167,62644.66126587492,0.007402545784662122,0.007402545784662122,0.0,0.0,60490.703682727224,276.2046878182892,0.0053054799675759,55595.11228919974,0.000125
4050.0,276.80521608875654,275.58167217876024,62259.526262629915,0.00730492534578088,0.00730492534578088,0.0,0.0,60461.0037196761,275.9274209456846,0.005234134339557375,55626.88689824234,0.0001234567901234568
4100.0,276.5144386672932,275.30833917064456,61876.35909226231,0.0072079260600569186,0.0072079260600569186,0.0,0.0,60432.110824133866,275.64939948716557,0.005163275289822835,55659.15143131194,0.00012195121951219512
4150.0,276.222993733389,275.0342063451842,61495.150852770435,0.007111546127175319,0.007111546127175319,0.0,0.0,60404.00447727443,275.37060781958144,0.005092901000883351,55691.885346282965,0.00012048192771084337
4200.0,275.9308652866747,274.7592581949994,61115.89266077199,0.007015784003143427,0.007015784003143427,0.0,0.0,60376.664885261824,275.09103040968495,0.005023009845270238,55725.06867102265,0.00011904761904761905
4250.0,275.6380374407271,274.4834792825994,60738.57565196418,0.006920638389415765,0.006920638389415765,0.0,0.0,60350.07294311567,274.8106518052213,0.004953600377170165,55758.681973148414,0.00011764705882352942
4300.0,275.34449441326547,274.2068542326018,60363.19098155973,0.00682610822261143,0.00682610822261143,0.0,0.0,60324.21020072058,274.52945662667776,0.00488467132451812,55792.706331612106,0.00011627906976744187
4350.0,275.05022051705646,273.92936772455494,59989.72982470107,0.006732192664776741,0.006732192664776741,0.0,0.0,60299.0588308258,274.24742955966053,0.0048162215815128785,55827.12330998854,0.00011494252873563218
4400.0,274.75520015148896,273.65100448633353,59618.183376853245,0.006638891094150239,0.006638891094150239,0.0,0.0,60274.60159889787,273.96455534786656,0.004748250201521629,55861.914931350584,0.00011363636363636364
4450.0,274.45941779478574,273.3717492880823,59248.542854177744,0.0065462030963898896,0.0065462030963898896,0.0,0.0,60250.82183469736,273.6808187866219,0.00468075639034325,55897.0636546256,0.00011235955056179776
4500.0,274.1628833858816,273.0916112189977,58880.79949388796,0.006454134550198965,0.006454134550198965,0.0,0.0,60227.743202360725,273.3962287021197,0.004613747543763192,55932.5966895128,0.00011111111111111112
4550.0,273.86583104587703,272.8108307486494,58514.94458836276,0.006362642574356711,0.006362642574356711,0.0,0.0,60205.5013919902,273.11100617380504,0.004547299435649083,55968.926542813395,0.00010989010989010989
4600.0,273.5683249705255,272.529477622601,58150.9697816396,0.006271693193774536,0.006271693193774536,0.0,0.0,60184.08170392331,272.8252290872755,0.004481329524947621,56005.92512801058,0.00010869565217391305
4650.0,273.27034558031994,272.24753221662036,57788.86683800476,0.006181288232616211,0.006181288232616211,0.0,0.0,60163.46859724909,272.53888851187355,0.004415774771284761,56043.42553929759,0.00010752688172043011
4700.0,272.9718729428556,271.96497455860583,57428.62752983386,0.0060914294809158945,0.0060914294809158945,0.0,0.0,60143.64609675322,272.2519645111007,0.004350636420868763,56081.41055491689,0.00010638297872340425
4750.0,272.6728871774087,271.68178470268987,57070.243637563886,0.006002118870556435,0.006002118870556435,0.0,0.0,60124.59861106693,271.9644371835328,0.004285915811274271,56119.86321893802,0.00010526315789473685
4800.0,272.3733684458357,271.3979427210616,56713.7069501982,0.005913358471076417,0.005913358471076417,0.0,0.0,60106.31091363305,271.67628665436996,0.004221614368488786,56158.76682514373,0.00010416666666666667
4850.0,272.0732969440013,271.11342869628174,56359.0092657923,0.005825150485656347,0.005825150485656347,0.0,0.0,60088.76812462525,271.3874930674898,0.004157733604085552,56198.10490174636,0.00010309278350515464
4900.0,271.7726528937169,270.8282227140739,56006.14239192041,0.00573749724726605,0.00573749724726605,0.0,0.0,60071.955693759526,271.09803657798693,0.004094275112509799,56237.861196883925,0.00010204081632653062
4950.0,271.47141653517485,270.5423048565811,55655.09814612449,0.0056504012149568,0.0056504012149568,0.0,0.0,60055.85938394454,270.8078973451855,0.004031240568466882,56278.01966485369,0.00010101010101010101
5000.0,271.16956811986336,270.2556551960769,55305.86835634688,0.0055638649702822104,0.0055638649702822104,0.0,0.0,60040.46525571942,270.51705552611446,0.003968631724401367,56318.56445304502,0.0001
5050.0,270.86708790395375,269.96825378912246,54958.444861346914,0.005477891213832894,0.005477891213832894,0.0,0.0,60025.75965243285,270.2254912694363,0.00390645040805678,56359.479889535796,9.900990099009902e-05
5100.0,270.56395614214773,269.68008067116364,54612.81951110298,0.005392482761870465,0.005392482761870465,0.0,0.0,60011.72918612001,269.9331847098206,0.0038446985201053435,56400.75047131698,9.80392156862745e-05
5150.0,270.26015308197816,269.3911158515618,54268.98416720053,0.005307642543046943,0.005307642543046943,0.0,0.0,59998.360724036655,269.64011596275776,0.0037833780318388245,56442.36085311802,9.70873786407767e-05
5200.0,269.9556589585574,269.10133930905556,53926.93070320696,0.005223373595196354,0.005223373595196354,0.0,0.0,59985.641375813546,269.34626511980747,0.003722490982910606,56484.29583680211,9.615384615384615e-05
5250.0,269.65045398976883,268.810730987652,53586.65100503435,0.005139679062185674,0.005139679062185674,0.0,0.0,59973.55848119698,269.05161224428065,0.0036620394791207966,56526.54036131032,9.523809523809524e-05
5300.0,269.344518371898,268.51927079294535,53248.1369712907,0.005056562190812841,0.005056562190812841,0.0,0.0,59962.09959834323,268.7561373673518,0.003602025690235217,56569.079493127196,9.433962264150943e-05
5350.0,269.03783227570256,268.22693858886487,52911.38051362028,0.004974026327739486,0.004974026327739486,0.0,0.0,59951.25249263649,268.4598204846033,0.0035424518478303,56611.89841725003,9.345794392523364e-05
5400.0,268.7303758429213,267.9337141948541,52576.3735570342,0.004892074916447197,0.004892074916447197,0.0,0.0,59941.00512600498,268.1626415530026,0.0034833202431559305,56654.982428642215,9.259259259259259e-05
5450.0,268.42212918322195,267.63957738348404,52243.10804023167,0.004810711494205534,0.004810711494205534,0.0,0.0,59931.34564670775,267.86458048831435,0.0034246332250080975,56698.316924152634,9.174311926605505e-05
5500.0,268.1130723715926,267.34450787850585,51911.575915912465,0.004729939689040853,0.004729939689040853,0.0,0.0,59922.26237956996,267.5656171629525,0.0033663931976039827,56741.88739488672,9.09090909090909e-05
5550.0,267.80318544617853,267.0484853533477,51581.76915108176,0.004649763216695121,0.004649763216695121,0.0,0.0,59913.743816645,267.2657314042772,0.0033086026184522247,56785.67941901692,9.009009009009009e-05
5600.0,267.49244840657104,266.75148943006366,51253.6797273474,0.004570185877563933,0.004570185877563933,0.0,0.0,59905.778608283086,266.9649029933422,0.0032512639962105853,56829.678655017844,8.928571428571429e-05
5650.0,267.18084121255265,266.45349967874176,50927.2996412109,0.004491211553603266,0.004491211553603266,0.0,0.0,59898.35555458813,266.6631116641004,0.0031943798885241386,56873.87083531665,8.849557522123894e-05
5700.0,266.8683437833078,266.1544956173806,50602.620904352305,0.004412844205194663,0.004412844205194663,0.0,0.0,59891.46359724588,266.3603371030762,0.0031379528998370016,56918.241760350225,8.771929824561403e-05
5750.0,266.5549359971059,265.8544567122444,50279.63554390979,0.00433508786795878,0.00433508786795878,0.0,0.0,59885.09181170866,266.05655894951445,0.003081985679170842,56962.777293022,8.695652173913044e-05
5800.0,266.2405976914662,265.55336237870756,49958.33560275416,0.004257946649507044,0.004257946649507044,0.0,0.0,59879.22939972109,265.7517567960151,0.0030264809178627405,57007.46335354803,8.620689655172413e-05
5850.0,265.92530866381526,265.25119198260006,49638.71313975997,0.0041814247261215565,0.0041814247261215565,0.0,0.0,59873.86568217524,265.4459101896654,0.0029714413472562216,57052.28591469038,8.547008547008547e-05
5900.0,265.60904867264804,264.94792484206704,49320.760230072374,0.004105526339353616,0.004105526339353616,0.0,0.0,59868.99009228267,265.1389986336839,0.0029168697363390087,57097.23099737466,8.474576271186441e-05
5950.0,265.29179743920304,264.64354022995553,49004.46896537144,0.004030255792530719,0.004030255792530719,0.0,0.0,59864.5921690525,264.83100158958473,0.002862768889320084,57142.28466668251,8.403361344537815e-05
6000.0,264.9735346496666,264.338017376743,48689.831454133884,0.003955617447163011,0.003955617447163011,0.0,0.0,59860.66155106719,264.5218984798804,0.002809141643140398,57187.43302822296,8.333333333333333e-05
6050.0,264.6542399579181,264.03133547402217,48376.83982189347,0.00388161571923902,0.00388161571923902,0.0,0.0,59857.187970545434,264.21166869133555,0.002755990864910602,57232.6622248786,8.264462809917356e-05
6100.0,264.3338929888304,263.72347367855843,48065.48621149944,0.0038082550754019377,0.0038082550754019377,0.0,0.0,59854.16124768659,263.90029157878604,0.00270331944926923,57277.95843392516,8.19672131147541e-05
6150.0,264.01247334214185,263.4144111169353,47755.76278337527,0.0037355400289965806,0.0037355400289965806,0.0,0.0,59851.57128528825,263.58774646954134,0.0026511303156554773,57323.30786452745,8.130081300813008e-05
6200.0,263.68996059691204,263.1041268908049,47447.6617157765,0.00366347513597838,0.00366347513597838,0.0,0.0,59849.40806363202,263.2740126683841,0.0025994264054902453,57368.69675561027,8.064516129032258e-05
6250.0,263.3663343165811,262.79260008276077,47141.175205049585,0.003592064990674989,0.003592064990674989,0.0,0.0,59847.6616356321,262.9590694631857,0.0025482106792595696,57414.111374108616,8e-05
6300.0,263.04157405464434,262.4798097628501,46836.295465891766,0.0035213142213919024,0.0035213142213919024,0.0,0.0,59846.32212224197,262.64289613115176,0.0024974861134941227,57459.5380135956,7.936507936507937e-05
6350.0,262.7156593609631,262.16573499574315,46533.01473161243,0.003451227485853408,0.003451227485853408,0.0,0.0,59845.379708116576,262.3254719457196,0.002447255697639875,57504.96299329794,7.874015748031496e-05
6400.0,262.3885697887246,261.850354848578,46231.325254396754,0.0033818094664703154,0.0033818094664703154,0.0,0.0,59844.824637526195,262.00677618411976,0.0023975224308133173,57550.372657495325,7.8125e-05
6450.0,262.06028490207024,261.5336483994979,45931.21930557201,0.0033130648654263782,0.0033130648654263782,0.0,0.0,59844.64721052035,261.6867881356236,0.0023482893184365366,57595.75337531372,7.751937984496124e-05
6500.0,261.73078428440743,261.2155947468998,45632.689175877415,0.003244998399575266,0.003244998399575266,0.0,0.0,59844.83777933959,261.3654871104905,0.0022995593687463716,57641.091540912596,7.692307692307693e-05
6550.0,261.400047547423,260.89617301941087,45335.72717573754,0.0031776147951408443,0.0031776147951408443,0.0,0.0,59845.38674507543,261.042852449636,0.002251335589173137,57686.37357407602,7.633587786259542e-05
6600.0,261.068054340813,260.5753623866106,45040.32563554046,0.0031109187822129566,0.0031109187822129566,0.0,0.0,59846.28455457602,260.7188635350342,0.0022036209825836727,57731.58592120878,7.575757575757576e-05
6650.0,260.7347843627461,260.25314207051554,44746.4769059205,0.0030449150890323653,0.0030449150890323653,0.0,0.0,59847.52169759989,260.39349980087263,0.002156418543384369,57776.715056744404,7.518796992481203e-05
6700.0,260.400217371075,259.9294913578418,44454.173358046726,0.0029796084360580537,0.0029796084360580537,0.0,0.0,59849.088704216614,260.0667407454756,0.0021097312534801103,57821.74748497241,7.462686567164179e-05
6750.0,260.0643331953113,259.60438961306187,44163.4073839175,0.002915003529811112,0.002915003529811112,0.0,0.0,59850.97614245636,259.7385659440099,0.0020635620780850403,57866.66974228814,7.407407407407407e-05
6800.0,259.72711174937695,259.27781629226854,43874.17139666151,0.0028511050564899013,0.0028511050564899013,0.0,0.0,59853.17461620959,259.40895506198814,0.0020179139613818987,57911.46839987303,7.352941176470588e-05
6850.0,259.3885330451449,258.94975095786015,43586.457830845815,0.002787917675351629,0.002787917675351629,0.0,0.0,59855.67476337849,259.07788786958145,0.0019727898220267453,57956.13006680939,7.299270072992701e-05
6900.0,259.0485772067811,258.62017329405813,43300.25914279182,0.0027254460118564736,0.0027254460118564736,0.0,0.0,59858.467254283,258.7453442567539,0.001928192548496602,58000.64139363672,7.246376811594203e-05
6950.0,258.7072244858963,258.28906312326666,43015.567810898945,0.00266369465057083,0.00266369465057083,0.0,0.0,59861.542790322805,258.4113042492288,0.0018841249942780941,58044.989076354745,7.194244604316547e-05
7000.0,258.3644552775175,257.95640042328307,42732.3763359775,0.0026026681278273683,0.0026026681278273683,0.0,0.0,59864.89210289923,258.07574802529274,0.0018405899728952744,58089.15986087592,7.142857142857143e-05
7050.0,258.02025013688285,257.6221653453642,42450.67724159,0.0025423709241403614,0.0025423709241403614,0.0,0.0,59868.50595259877,257.738655933446,0.0017975902527761429,58133.14054793419,7.092198581560284e-05
7100.0,257.6745897970672,257.28633823315283,42170.46307440265,0.0024828074563757563,0.0024828074563757563,0.0,0.0,59872.37512864207,257.40000851090235,0.0017551285519577817,58176.91799845416,7.042253521126761e-05
7150.0,257.3274551874366,256.94889964246516,41891.72640454652,0.0024239820696767794,0.0024239820696767794,0.0,0.0,59876.49044860163,257.05978650293787,0.0017132075326303402,58220.479139381045,6.993006993006993e-05
7200.0,256.9788274529317,256.6098303619364,41614.45982598928,0.0023658990291464603,0.0023658990291464603,0.0,0.0,59880.84275839003,256.71797088308796,0.001671829795521475,58263.81096997498,6.944444444444444e-05
7250.0,256.62868797417764,256.26911143452065,41338.65595691802,0.0023085625112905916,0.0023085625112905916,0.0,0.0,59885.42293252367,256.37454287418916,0.0016309978741237854,58306.90056857324,6.896551724137931e-05
7300.0,256.27701838840994,255.9267241798352,41064.307440133096,0.0022519765952252065,0.0022519765952252065,0.0,0.0,59890.221874663635,256.02948397025415,0.00159071422876785,58349.735099815625,6.84931506849315e-05
7350.0,255.92380061120718,255.58265021733732,40791.40694345384,0.002196145253654523,0.002196145253654523,0.0,0.0,59895.23051843693,255.68277595917093,0.0015509812405455907,58392.301822336354,6.802721088435374e-05
7400.0,255.5690168590157,255.23687149031713,40519.947160136035,0.002141072343626868,0.002141072343626868,0.0,0.0,59900.43982854105,255.33440094620835,0.0015118012050888416,58434.588096916974,6.756756756756757e-05
7450.0,255.2126496724465,254.88937029068495,40249.920809302064,0.0020867615970775323,0.0020867615970775323,0.0,0.0,59905.84080213365,254.9843413783088,0.0014731763262097043,58476.5813950982,6.711409395973154e-05
7500.0,254.85468194032202,254.5401292845283,39981.32063638321,0.0020332166111693196,0.0020332166111693196,0.0,0.0,59911.424470509475,254.63258006914234,0.0014351087094099672,58518.26930824316,6.666666666666667e-05
7550.0,254.4950969244436,254.1891315384072,39714.13941357509,0.0019804408384434605,0.0019804408384434605,0.0,0.0,59917.18190106585,254.2791002248923,0.001397600355268424,58559.639557045004,6.622516556291391e-05
7600.0,254.13387828504784,253.83636054635292,39448.36994030598,0.0019284375767953943,0.0019284375767953943,0.0,0.0,59923.10419955805,253.92388547073907,0.001360653152716255,58600.680001470355,6.578947368421052e-05
7650.0,253.7710101069132,253.48180025752777,39184.00504371825,0.0018772099592917898,0.0018772099592917898,0.0,0.0,59929.18251264398,253.5669198779998,0.0013242688722114979,58641.378651124905,6.535947712418301e-05
7700.0,253.40647692607283,253.12543510449967,38921.03757916308,0.001826760943847372,0.001826760943847372,0.0,0.0,59935.4080307184,253.20818799187884,0.001288449158825573,58681.72367602814,6.493506493506494e-05
7750.0,253.04026375708506,252.76725003207818,38659.460430708445,0.0017770933027822314,0.0017770933027822314,0.0,0.0,59941.77199103519,252.84767485977756,0.0012531955252559688,58721.70341778101,6.451612903225807e-05
7800.0,252.67235612080637,252.40723052665254,38399.26651166029,0.0017282096122821797,0.0017282096122821797,0.0,0.0,59948.265681115074,252.4853660601051,0.0012185093447806285,58761.30640110743,6.41025641025641e-05
7850.0,252.30274007260448,252.04536264596646,38140.448765097084,0.0016801122417873886,0.0016801122417873886,0.0,0.0,59954.880442436355,252.12124773152502,0.0011843918441710156,58800.52134574623,6.369426751592356e-05
7900.0,251.93140223094596,251.68163304925727,37883.00016441741,0.0016328033433361817,0.0016328033433361817,0.0,0.0,59961.60767440362,251.75530660256948,0.0011508440965826636,58839.33717867266,6.329113924050633e-05
7950.0,251.55832980628364,251.31602902768074,37626.91371390021,0.0015862848408935515,0.0015862848408935515,0.0,0.0,59968.43883858937,251.38753002154138,0.0011178670144430314,58877.74304661876,6.289308176100629e-05
8000.0,251.18351063016354,250.94853853493646,37372.182449277694,0.0015405584196960297,0.0015405584196960297,0.0,0.0,59975.36546324229,251.01790598662254,0.001085461342358241,58915.72832886444,6.25e-05
8050.0,250.8069331844657,250.5791502180013,37118.79943832067,0.001495625515646516,0.001495625515646516,0.0,0.0,59982.37914805319,250.6464231760965,0.0010536276500618079,58953.282650264984,6.211180124223603e-05
8100.0,250.42858663068563,250.20785344787276,36866.7577814352,0.0014514873047951277,0.0014514873047951277,0.0,0.0,59989.471569170026,250.27307097859028,0.0010223663254296334,58990.39589447955,6.17283950617284e-05
8150.0,250.04846083915834,249.83463835021686,36616.050612271116,0.0014081446929440763,0.0014081446929440763,0.0,0.0,59996.6344844511,249.89783952323177,0.0009916775675873166,59027.05821736177,6.134969325153375e-05
8200.0,249.6665464181188,249.45949583580932,36366.67109834067,0.0013655983054164413,0.0013655983054164413,0.0,0.0,60003.859738943574,249.52071970961268,0.0009615613801365966,59063.26006046845,6.097560975609756e-05
8250.0,249.2828347424885,249.0824176306524,36118.61244164744,0.001323848477030689,0.001323848477030689,0.0,0.0,60011.13927057385,249.14170323744216,0.0009320175645295672,59098.99216464232,6.0606060606060605e-05
8300.0,248.89731798227248,248.70339630564473,35871.86787932432,0.0012828952423244756,0.0012828952423244756,0.0,0.0,60018.46511603407,248.76078263577122,0.0009030457136200635,59134.24558362125,6.0240963855421684e-05
8350.0,248.50998913044523,248.32242530567515,35626.43068428003,0.001242738326072788,0.001242738326072788,0.0,0.0,60025.82941684769,248.37795129166048,0.0008746452054227477,59169.01169762177,5.988023952095808e-05
8400.0,248.1208420301976,247.93949897800792,35382.29416585271,0.0012033771341466892,0.0012033771341466892,0.0,0.0,60033.22442559502,247.99320347816058,0.0008468151971112709,59203.28222684311,5.9523809523809524e-05
8450.0,247.72987140141777,247.55461259982138,35139.451670469934,0.0011648107447603223,0.0011648107447603223,0.0,0.0,60040.64251227861,247.60653438147108,0.0008195546192876635,59237.04924483676,5.9171597633136094e-05
8500.0,247.33707286626935,247.16776240475969,34897.896582313886,0.0011270379001543152,0.0011270379001543152,0.0,0.0,60048.07617080627,247.217940127138,0.0007928621705556052,59270.3051916815,5.882352941176471e-05
8550.0,246.94244297373208,246.77894560835327,34657.62232399057,0.0010900569987645364,0.0010900569987645364,0.0,0.0,60055.51802556787,246.82741780515025,0.000766736312430587,59303.04288690529,5.847953216374269e-05
8600.0,246.54597922296566,246.38816043216278,34418.622357201304,0.0010538660879253147,0.0010538660879253147,0.0,0.0,60062.960838081,246.43496549378904,0.0007411752646200649,59335.25554208878,5.8139534883720933e-05
8650.0,246.147680085357,245.99540612649952,34180.89018341547,0.0010184628571560843,0.0010184628571560843,0.0,0.0,60070.39751367859,246.04058228208905,0.0007161770007067646,59366.93677309024,5.7803468208092484e-05
8700.0,245.7475450251109,245.60068299157538,33944.419344542985,0.000983844632080042,0.000983844632080042,0.0,0.0,60077.82110821031,245.64426829076342,0.000691739244267712,59398.08061182346,5.747126436781609e-05
8750.0,245.34557451824523,245.20399239693688,33709.20342360466,0.0009500083690225447,0.0009500083690225447,0.0,0.0,60085.22483472892,245.24602469145168,0.0006678594654612467,59428.68151752613,5.714285714285714e-05
8800.0,244.94177006985203,244.80533679903888,33475.23604539872,0.0009169506503356456,0.0009169506503356456,0.0,0.0,60092.60207013038,244.84585372414685,0.0006445348781131431,59458.73438745055,5.681818181818182e-05
8850.0,244.53613422949113,244.4047197568182,33242.510877162254,0.0008846676804936831,0.0008846676804936831,0.0,0.0,60099.946361716895,244.44375871266465,0.0006217624373320146,59488.23456691273,5.649717514124294e-05
8900.0,244.1286706045849,244.00214594513068,33011.021629225026,0.0008531552830025751,0.0008531552830025751,0.0,0.0,60107.2514336504,244.03974407801957,0.0005995388376826087,59517.17785863371,5.617977528089888e-05
8950.0,243.71938387168913,243.59762116592157,32780.762055654224,0.0008224088981630979,0.0008224088981630979,0.0,0.0,60114.51119326327,243.6338153495799,0.0005778605119439125,59545.56053131013,5.58659217877095e-05
9000.0,243.3082797855212,243.1911523570063,32551.72595488824,0.0007924235817253978,0.0007924235817253978,0.0,0.0,60121.71973719374,243.22597917387992,0.000556723630477025,59573.3793273522,5.555555555555556e-05
9050.0,242.89536518563392,242.78274759834633,32323.907170357023,0.0007631940044686794,0.0007631940044686794,0.0,0.0,60128.871357311735,242.81624332097522,0.0005361241012252582,59600.631469728374,5.524861878453039e-05
9100.0,242.48064800063392,242.372416115715,32097.299591087365,0.0007347144527361618,0.0007347144527361618,0.0,0.0,60135.960546402144,242.40461668823795,0.0005160575703666275,59627.31466786207,5.4945054945054945e-05
9150.0,242.06413724985015,241.96016828165875,31871.897152291032,0.0007069788299512448,0.0007069788299512448,0.0,0.0,60142.98200357237,241.99110930149567,0.0004965194236356037,59653.42712252308,5.46448087431694e-05
9200.0,241.6458430423738,241.5460156136711,31647.69383593356,0.0006799806591362771,0.0006799806591362771,0.0,0.0,60149.93063935136,241.57573231343562,0.0004775047883283824,59678.96752966914,5.4347826086956524e-05
9250.0,241.22577657339917,241.12997076950987,31424.68367128147,0.0006537130864503216,0.0006537130864503216,0.0,0.0,60156.80158044878,241.15849799920213,0.0004590085360021206,59703.935083188975,5.4054054054054054e-05
9300.0,240.8039501178104,240.7120475396022,31202.86073542616,0.0006281688857571553,0.0006281688857571553,0.0,0.0,60163.59017414322,240.73941974913257,0.0004410252858752022,59728.32947650756,5.3763440860215054e-05
9350.0,240.3803770209726,240.29226083649732,30982.21915378208,0.0006033404642291526,0.0006033404642291526,0.0,0.0,60170.291992270635,240.31851205859212,0.00042354940893190484,59752.150903020105,5.3475935828877e-05
9400.0,239.95507168670142,239.87062668134246,30762.75310055747,0.0005792198689870172,0.0005792198689870172,0.0,0.0,60176.90283478527,239.89579051488175,0.00040657503273075864,59775.400055325124,5.319148936170213e-05
9450.0,239.5280495623992,239.447162187374,30544.456799195465,0.0005557987947692821,0.0005557987947692821,0.0,0.0,60183.41873286705,239.47127178121082,0.0003900960469119065,59798.0781232347,5.291005291005291e-05
9500.0,239.09932712136447,239.0218855404338,30327.32452278343,0.0005330685926195806,0.0005330685926195806,0.0,0.0,60189.83595155271,239.04497357774235,0.0003741061093946948,59820.186790545784,5.2631578947368424e-05
9550.0,238.66892184229596,238.59481597653675,30111.35059442942,0.0005110202795734051,0.0005110202795734051,0.0,0.0,60196.15099186865,238.6169146597369,0.0003585986532524499,59841.72823056456,5.2356020942408376e-05
9600.0,238.23685218603026,238.165973756535,29896.529387603034,0.000489644549319978,0.000489644549319978,0.0,0.0,60202.36059244766,238.187114792838,0.00034356689424732404,59862.70510038254,5.208333333333334e-05
9650.0,237.80313756956883,237.73538013794098,29682.855326439596,0.00046893178380883203,0.00046893178380883203,0.0,0.0,60208.46173061368,237.75559472555827,0.0003290038390038048,59883.12053390856,5.1813471502590674e-05
9700.0,237.3677983374678,237.30305734398928,29470.32288600599,0.0004488720657645611,0.0004488720657645611,0.0,0.0,60214.45162292188,237.3223761590466,0.0003149022937956144,59902.978133673285,5.154639175257732e-05
9750.0,236.93085573067802,236.86902853003542,29258.926592526634,0.0004294551920675536,0.0004294551920675536,0.0,0.0,60220.32772514475,236.8874817142281,0.00030125487391655136,59922.28196142321,5.128205128205128e-05
9800.0,236.49233185294287,236.4333177474052,29048.661023568216,0.0004106706879528781,0.0004106706879528781,0.0,0.0,60226.08773169777,236.45093489643185,0.00028805401360233876,59941.036527536344,5.102040816326531e-05
9850.0,236.05224963487254,235.99594990482558,28839.5208081821,0.00039250782197426746,0.00039250782197426746,0.0,0.0,60231.729574501915,236.0127600576308,0.0002752919764666974,59959.24677929208,5.076142131979695e-05
9900.0,235.610632795831,235.5569507275829,28631.500627003596,0.00037495562167528087,0.00037495562167528087,0.0,0.0,60237.2514212837,235.57298235643808,0.00026296086641178906,59976.918088039296,5.0505050505050505e-05
9950.0,235.16750580378508,235.11634671456827,28424.59521230668,0.0003580028899052393,0.0003580028899052393,0.0,0.0,60242.65167331657,235.13162771601628,0.0002510526389700538,59994.056235312666,5.0251256281407036e-05
10000.0,234.72289383327677,234.67416509338338,28218.799348014007,0.00034163822171353985,0.00034163822171353985,0.0,0.0,60247.928962611106,234.68872278006876,0.00023955911303177407,60010.667397952064,5e-05
10050.0,234.27682272169147,234.23043377369154,28014.107869661482,0.0003258500217525047,0.0003258500217525047,0.0,0.0,60253.08214856493,234.24429486709354,0.0002284719829103651,60026.758132286865,4.9751243781094526e-05
10100.0,233.82931892400578,233.78518129900894,27810.51566431701,0.00031062652211595414,0.00031062652211595414,0.0,0.0,60258.11031408633,233.79837192309245,0.00021778283069546285,60042.33535745358,4.950495049504951e-05
10150.0,233.3804094662061,233.3384367971398,27608.017670453453,0.00029595580053837537,0.00029595580053837537,0.0,0.0,60263.01276120862,233.35098247293416,0.00020748313884225535,60057.406337918306,4.926108374384237e-05
10200.0,232.92790348179344,232.88789620211884,27406.608877775416,0.0002826432757070512,0.0002826432757070512,0.0,0.0,60267.45747072109,232.8998602989494,0.0001981091929752744,60071.01373290075,4.901960784313725e-05
10250.0,232.47256496351378,232.43436566247465,27206.282426090398,0.0002703968514188397,0.0002703968514188397,0.0,0.0,60271.533665595765,232.44579058970342,0.00018951526184474114,60083.58699618422,4.878048780487805e-05
10300.0,232.01605989109018,231.97959925557595,27007.032167994916,0.00025859551811359914,0.00025859551811359914,0.0,0.0,60275.473608510234,231.99050555544267,0.00018123452617524436,60095.716722663645,4.854368932038835e-05
10350.0,231.55841803830953,231.52362872283135,26808.853422195014,0.00024722769293902564,0.00024722769293902564,0.0,0.0,60279.28018957435,231.53403636491313,0.0001732587671050891,60107.413660027494,4.830917874396135e-05
10400.0,231.09966906056158,231.0664856686717,26611.741555617027,0.00023628185410293583,0.00023628185410293583,0.0,0.0,60282.95632585788,231.07641405440904,0.0001655798148465968,60118.68855389239,4.807692307692308e-05
10450.0,230.63984245909896,230.6082015229005,26415.691982647193,0.000225746553924023,0.000225746553924023,0.0,0.0,60286.5049558007,230.61766949074197,0.0001581895575631053,60129.55213250218,4.784688995215311e-05
10500.0,230.1789675467214,230.14880750457039,26220.70016435008,0.00021561043133917697,0.00021561043133917697,0.0,0.0,60289.929033782035,230.15783333570542,0.00015107994986755178,60140.01509197332,4.761904761904762e-05
10550.0,229.717073414955,229.68833458745956,26026.761607667893,0.00020586222384175198,0.00020586222384175198,0.0,0.0,60293.23152486085,229.6969360121064,0.0001442430209254539,60150.088082117196,4.739336492890995e-05
10600.0,229.25418890278715,229.2268134672105,25833.871864602337,0.00019649077882910357,0.00019649077882910357,0.0,0.0,60296.415399698126,229.23500767142696,0.00013767088214784883,60159.78169286751,4.7169811320754715e-05
10650.0,228.79034256700675,228.76427453018306,25642.02653138123,0.00018748506434151544,0.00018748506434151544,0.0,0.0,60299.48362967052,228.77207816316627,0.0001313557344623015,60169.106441335694,4.694835680751174e-05
10700.0,228.32556265419166,228.3007478240634,25451.221247611316,0.00017883417917844105,0.00017883417917844105,0.0,0.0,60302.439182183596,228.30817700590487,0.00012528987515271077,60178.07275951402,4.672897196261682e-05
10750.0,227.8598770743711,227.83626303025886,25261.45169541963,0.00017052736238160147,0.00017052736238160147,0.0,0.0,60305.285016191156,227.84333336012054,0.00011946570426113869,60186.6909826406,4.651162790697674e-05
10800.0,227.39331337638683,227.37084943810058,25072.71359858479,0.0001625540020781129,0.0001625540020781129,0.0,0.0,60308.02407792675,227.37757600277774,0.00011387573054731794,60194.9713382385,4.6296296296296294e-05
10850.0,226.92589872496293,226.9045359208641,24885.002721660447,0.00015490364368013666,0.00015490364368013666,0.0,0.0,60310.65929685125,226.91093330370148,0.0001085125770038214,60202.92393583643,4.608294930875576e-05
10900.0,226.45765987948823,226.4373509136105,24698.314869092286,0.00014756599744085184,0.00014756599744085184,0.0,0.0,60313.19358181968,226.44343320373792,0.0001033689859270708,60210.55875737449,4.587155963302752e-05
10950.0,225.98862317450565,225.96932239284098,24512.64588433062,0.0001405309453695822,0.0001405309453695822,0.0,0.0,60315.629817469555,225.97510319469473,9.843782354646787e-05,60217.88564829521,4.5662100456621006e-05
11000.0,225.51881450189677,225.50047785795056,24327.99164894028,0.0001337885475117693,0.0001337885475117693,0.0,0.0,60317.970860831265,225.50597030104888,9.371208421588334e-05,60224.91430931887,4.545454545454545e-05
11050.0,225.04825929474012,225.03084431445768,24144.34808170896,0.00012732904760215792,0.00012732904760215792,0.0,0.0,60320.219538160396,225.0360610633974,8.91848941735171e-05,60231.65428889457,4.524886877828054e-05
11100.0,224.5769825128177,224.560448258981,23961.711137756334,0.00012114287810200017,0.00012114287810200017,0.0,0.0,60322.378641990814,224.56540152362533,8.484951487786524e-05,60238.11497632154,4.5045045045045046e-05
11150.0,224.10500862973643,224.08931566592756,23780.076807644662,0.00011522066463331274,0.00011522066463331274,0.0,0.0,60324.450928406804,224.09401721175362,8.069934592898009e-05,60244.305595526974,4.484304932735426e-05
11200.0,223.63236162162707,223.61747197585035,23599.44111649316,0.0001095532298252269,0.0001095532298252269,0.0,0.0,60326.43911453063,223.6219331344285,7.672792758562654e-05,60250.23519948892,4.464285714285714e-05
11250.0,223.15906495737653,223.14494208542948,23419.800123096586,0.00010413159658926914,0.00010413159658926914,0.0,0.0,60328.34587622254,223.1491737650056,7.292894289011512e-05,60255.91266528769,4.4444444444444447e-05
11300.0,222.68514159034711,222.67175033902512,23241.149919050356,9.894699084196639e-05,9.894699084196639e-05,0.0,0.0,60330.173845988495,222.67576303517876,6.929621941366724e-05,60261.34668976802,4.424778761061947e-05
11350.0,222.21061395153168,222.1979205217478,23063.48662788237,9.39908436945357e-05,9.39908436945357e-05,0.0,0.0,60331.925611090555,222.20172432810114,6.582373063609611e-05,60266.54578579443,4.405286343612335e-05
11400.0,221.73550394408923,221.7234758539873,22886.80640419366,8.92547931305624e-05,8.92547931305624e-05,0.0,0.0,60333.60371185466,221.72708047293995,6.250559697433361e-05,60271.51827907777,4.3859649122807014e-05
11450.0,221.25983293920592,221.2484389873398,22711.105432808265,8.473068519351358e-05,8.473068519351358e-05,0.0,0.0,60335.21064016946,221.2518537408058,5.933608647499628e-05,60276.27230555183,4.3668122270742355e-05
11500.0,220.7836217732204,220.77283200186903,22536.379927933613,8.041057470670052e-05,8.041057470670052e-05,0.0,0.0,60336.74883816999,220.77606584199484,5.6309615186669915e-05,60280.81580927766,4.347826086956522e-05
11550.0,220.3068907459546,220.29667640463768,22362.626132332327,7.628672554885576e-05,7.628672554885576e-05,0.0,0.0,60338.2206970991,220.29973792447993,5.342074722798933e-05,60285.15654085208,4.329004329004329e-05
11600.0,219.8296596201867,219.81999312944194,22189.84031650634,7.235161050890859e-05,7.235161050890859e-05,0.0,0.0,60339.62855633989,219.82289057358557,5.066419456782565e-05,60289.30205629542,4.3103448275862066e-05
11650.0,219.35194762220468,219.3428025376831,22018.018777893856,6.859791074377986e-05,6.859791074377986e-05,0.0,0.0,60340.974702611544,219.34554381278207,4.803481653408391e-05,60293.25971639558,4.291845493562232e-05
11700.0,218.87377344337608,218.86512442030855,21847.157840080272,6.501851486308699e-05,6.501851486308699e-05,0.0,0.0,60342.2613693212,218.86771710553197,4.552761906762249e-05,60297.03668648227,4.2735042735042735e-05
11750.0,218.3951552426731,218.3869780007553,21677.25385202324,6.16065176646363e-05,6.16065176646363e-05,0.0,0.0,60343.49073606417,218.38942935812366,4.3137753737798566e-05,60300.63993660742,4.2553191489361704e-05
11800.0,217.91611065008772,217.9083819388294,21508.30318729285,5.835521854437151e-05,5.835521854437151e-05,0.0,0.0,60344.66492826499,217.9106989234266,4.0860516535991726e-05,60304.07624210669,4.2372881355932206e-05
11850.0,217.43665677087762,217.4293543354552,21340.302243327158,5.5258119604187406e-05,5.5258119604187406e-05,0.0,0.0,60345.786016951344,217.43154360550298,3.869134646325796e-05,60307.35218451729,4.219409282700422e-05
11900.0,216.9568101905795,216.9499127382298,21173.247440703526,5.2308923480613534e-05,5.2308923480613534e-05,0.0,0.0,60346.85601865348,216.95198066501337,3.662582392799912e-05,60310.47415282853,4.201680672268908e-05
11950.0,216.47658698073135,216.470074147719,21007.13522242633,4.9501530916900835e-05,4.9501530916900835e-05,0.0,0.0,60347.876895421185,216.47202682535217,3.46596689691767e-05,60313.448345039775,4.184100418410042e-05
12000.0,215.99600270524516,215.98985502443264,20841.962053231073,4.6830038100481656e-05,4.6830038100481656e-05,0.0,0.0,60348.85055495099,215.99169827945357,3.2788739320229717e-05,60316.28077000377,4.1666666666666665e-05
12050.0,215.51507242737208,215.50927129641926,20677.724418905338,4.4288733787154344e-05,4.4288733787154344e-05,0.0,0.0,60349.77885081611,215.51101069720812,3.1009028328401894e-05,60318.97724953182,4.149377593360996e-05
12100.0,215.0338107172066,215.0283383674215,20514.418825626737,4.187209623264934e-05,4.187209623264934e-05,0.0,0.0,60350.66358279188,215.0299792334325,2.9316662743714033e-05,60321.543420738584,4.132231404958678e-05
12150.0,214.55223165967473,214.54707112553598,20352.041799318114,3.957478995151153e-05,3.957478995151153e-05,0.0,0.0,60351.50649726966,214.54861853633665,2.7707900391304146e-05,60323.98473860438,4.11522633744856e-05
12200.0,214.07034886295654,214.06548395232323,20190.5898850198,3.739166232245034e-05,3.739166232245034e-05,0.0,0.0,60352.30928775198,214.06694275643642,2.6179127740328926e-05,60326.30647873574,4.098360655737705e-05
12250.0,213.5881754672926,213.58359073231577,20030.059646279224,3.5317740058514864e-05,3.5317740058514864e-05,0.0,0.0,60353.073595422706,213.58496555585864,2.4726857382048083e-05,60328.51374030225,4.0816326530612245e-05
12300.0,213.10572415412838,213.101404862875,19870.44766455795,3.334822555962286e-05,3.334822555962286e-05,0.0,0.0,60353.801009785566,213.1027001179918,2.33477254291593e-05,60330.611449132295,4.065040650406504e-05
12350.0,212.623007155551,212.61893926434865,19711.750538655793,3.1478493164122535e-05,3.1478493164122535e-05,0.0,0.0,60354.49306936447,212.6201591574339,2.2038488847850378e-05,60332.60436094778,4.048582995951417e-05
12400.0,212.14003626397587,212.136206390485,19553.964884152305,2.970408531523135e-05,2.970408531523135e-05,0.0,0.0,60355.151262460306,212.13735493019453,2.0796022733457758e-05,60334.49706472117,4.032258064516129e-05
12450.0,211.65682284204345,211.65321823906024,19397.08733286528,2.8020708657324333e-05,2.8020708657324333e-05,0.0,0.0,60355.77702795785,211.65429924410904,1.961731754002748e-05,60336.29398613852,4.0160642570281125e-05
12500.0,211.17337783268712,211.16998636267942,19241.11453232621,2.642423007620435e-05,2.642423007620435e-05,0.0,0.0,60356.37175617769,211.17100346942468,1.849947627348019e-05,60337.99939115162,4e-05
12550.0,210.6897117693372,210.6865218797131,19086.043145272637,2.491067269663769e-05,2.491067269663769e-05,0.0,0.0,60356.93678976787,210.68747854952235,1.7439711657505753e-05,60339.617389605504,3.9840637450199205e-05
12600.0,210.20583478622638,210.20283548533376,18931.86984915701,2.3476211849603527e-05,2.3476211849603527e-05,0.0,0.0,60357.47342463013,210.20373501173822,1.6435343280730916e-05,60341.15193892626,3.968253968253968e-05
12650.0,209.72175662876583,209.71893746261932,18778.591335672056,2.2117171020890905e-05,2.2117171020890905e-05,0.0,0.0,60357.98291087616,209.71978297825342,1.5483794733142557e-05,60342.60684785728,3.9525691699604744e-05
12700.0,209.23748666396264,209.23483769369278,18626.2043102922,2.0830017791874804e-05,2.0830017791874804e-05,0.0,0.0,60358.46645380978,209.23563217702034,1.4582590739192283e-05,60343.985780229945,3.937007874015748e-05
12750.0,208.7530338908502,208.75054567086875,18474.705491831002,1.9611359782521788e-05,1.9611359782521788e-05,0.0,0.0,60358.92521493004,208.75129195269827,1.3729354294476712e-05,60345.29225875879,3.9215686274509805e-05
12800.0,208.2684069509074,208.26607050778085,18324.09161201409,1.8457940605923244e-05,1.8457940605923244e-05,0.0,0.0,60359.36031295216,208.2667712775714,1.292180381235776e-05,60346.52966884941,3.90625e-05
12850.0,207.78361413844235,207.7814209504651,18174.35941506761,1.7366635842922445e-05,1.7366635842922445e-05,0.0,0.0,60359.772824842184,207.78207876242504,1.2157750286390885e-05,60347.701262409326,3.891050583657588e-05
12900.0,207.29866341091954,207.2966053883768,18025.505657321602,1.6334449044696185e-05,1.6334449044696185e-05,0.0,0.0,60360.16378686192,207.29722266735854,1.1435094473940315e-05,60348.810161653135,3.875968992248062e-05
12950.0,206.8135623992104,206.8116318653201,17877.527106828096,1.53585077704768e-05,1.53585077704768e-05,0.0,0.0,60360.53419562099,206.81221091251356,1.075182410589263e-05,60349.85936289285,3.861003861003861e-05
13000.0,206.32831841774953,206.32650809027174,17730.42054299373,1.4436059666953934e-05,1.4436059666953934e-05,0.0,0.0,60360.88500913325,206.32705108869965,1.0106011126937221e-05,60350.85174030572,3.846153846153846e-05
13050.0,205.84293847457988,205.8412414480816,17584.182756226222,1.356446859527603e-05,1.356446859527603e-05,0.0,0.0,60361.21714787431,205.84175046790043,9.495808970454035e-06,60351.790049673036,3.8314176245210727e-05
13100.0,205.35742928127215,205.35583901003466,17438.810547594836,1.2741210810982971e-05,1.2741210810982971e-05,0.0,0.0,60361.53149583809,205.3563160136445,8.91944987164335e-06,60352.67693208239,3.816793893129771e-05
13150.0,204.87179726270568,204.87030754426047,17294.30072850403,1.1963871201643687e-05,1.1963871201643687e-05,0.0,0.0,60361.8289015897,204.87075439122833,8.375242222149002e-06,60353.514917588676,3.802281368821293e-05
13200.0,204.3860485666977,204.3846535259781,17150.650120380196,1.1230139586443464e-05,1.1230139586443464e-05,0.0,0.0,60362.11017931274,204.38507197777764,7.861567969059201e-06,60354.30642882718,3.787878787878788e-05
13250.0,203.90018907347164,203.8988831475653,17007.855554371155,1.053780708146447e-05,1.053780708146447e-05,0.0,0.0,60362.37610984885,203.89927487213805,7.37688006082957e-06,60355.05378457562,3.7735849056603776e-05
13300.0,203.41422440495447,203.4130023284422,16865.913871057903,9.88476253393416e-06,9.88476253393416e-06,0.0,0.0,60362.62744172779,203.4133689045839,6.9196999423427654e-06,60355.75920325917,3.759398496240601e-05
13350.0,202.92815993389527,202.92701672476156,16724.82192017832,9.268989028272771e-06,9.268989028272771e-06,0.0,0.0,60362.86489218646,202.9273596463384,6.488615101020388e-06,60356.42480639638,3.745318352059925e-05
13400.0,202.442000792798,202.44093173889823,16584.576560362617,8.688560466356158e-06,8.688560466356158e-06,0.0,0.0,60363.08914817528,202.44125241889716,6.0822766656128586e-06,60357.05262198157,3.7313432835820896e-05
13450.0,201.95575188266204,201.9547525287314,16445.174658879867,8.141638224023666e-06,8.141638224023666e-06,0.0,0.0,60363.30086735046,201.95505230314853,5.699397059028022e-06,60357.64458780059,3.717472118959108e-05
13500.0,201.46941788152648,201.4684840167153,16306.613091395666,7.626467885497219e-06,7.626467885497219e-06,0.0,0.0,60363.5006790516,201.46876414828773,5.3387477063116694e-06,60358.20255467913,3.7037037037037037e-05
13550.0,200.98300325281338,200.98213089873371,16168.88874174022,7.141376057043267e-06,7.141376057043267e-06,0.0,0.0,60363.6891852627,200.98239258051842,4.999156798657949e-06,60358.728289659615,3.690036900369004e-05
13600.0,200.4965122534669,200.49569765273523,16031.998501686692,6.6847672608953e-06,6.6847672608953e-06,0.0,0.0,60363.866961556356,200.49594201153982,4.679507114116744e-06,60359.2234791059,3.676470588235294e-05
13650.0,200.0099489418863,200.00918854714698,15895.939270739462,6.255120910166689e-06,6.255120910166689e-06,0.0,0.0,60364.034558019775,200.00941664681739,4.378733895464566e-06,60359.689731735016,3.663003663003663e-05
13700.0,199.52331718565028,199.52260764906515,15760.707955931957,5.850988365216545e-06,5.850988365216545e-06,0.0,0.0,60364.19250016251,199.5228204936333,4.095822785520839e-06,60360.12858157261,3.649635036496351e-05
13750.0,199.0366206690325,199.03595883222144,15626.301471633664,5.470990071686211e-06,5.470990071686211e-06,0.0,0.0,60364.341289804805,199.03615736891868,3.829807820026688e-06,60360.54149083408,3.6363636363636364e-05
13800.0,198.54986290030752,198.54924578472512,15492.716739365991,5.1138127801980925e-06,5.1138127801980925e-06,0.0,0.0,60364.48140594622,198.54943090686524,3.5797694780447073e-06,60360.929852729125,3.6231884057971014e-05
13850.0,198.06304721884698,198.06247201658098,15359.950687626875,4.778206847503461e-06,4.778206847503461e-06,0.0,0.0,60364.61330561431,198.0626445663169,3.3448327896985146e-06,60361.29499418921,3.610108303249098e-05
13900.0,197.57617680200727,197.57564086698423,15228.00025172348,4.4629836186775145e-06,4.4629836186775145e-06,0.0,0.0,60364.737424692685,197.57580163794321,3.1241655009426315e-06,60361.63817851943,3.597122302158273e-05
13950.0,197.08925467180939,197.08875551139354,15096.862373612985,4.167012889790161e-06,4.167012889790161e-06,0.0,0.0,60364.85417872855,197.0889052511944,2.916976294934815e-06,60361.960607972804,3.5842293906810036e-05
14000.0,196.60228370141283,196.601818968384,14966.534001750897,3.889220450326027e-06,3.889220450326027e-06,0.0,0.0,60364.9639637193,196.60195838104127,2.7225130694786876e-06,60362.26342624928,3.571428571428572e-05
14050.0,196.11526662138496,196.11483410628225,14837.01209094692,3.6285857044887974e-06,3.6285857044887974e-06,0.0,0.0,60365.06715687811,196.11496385450073,2.5400612699078995e-06,60362.54772091839,3.558718861209964e-05
14100.0,195.6282060257692,195.62780364958644,14708.293602227728,3.384139370400731e-06,3.384139370400731e-06,0.0,0.0,60365.16411737863,195.6279243569506,2.3689422766993446e-06,60362.81452576713,3.546099290780142e-05
14150.0,195.14110437795318,195.14073018517382,14580.375502706702,3.1549612560964863e-06,3.1549612560964863e-06,0.0,0.0,60365.25518707853,195.1408424382352,2.2085118470254444e-06,60363.064823072906,3.53356890459364e-05
14200.0,194.65396401634084,194.65361616829892,14453.25476546003,2.940178111112771e-06,2.940178111112771e-06,0.0,0.0,60365.340691222125,194.65372051856653,2.058158609389984e-06,60363.2995458036,3.5211267605633805e-05
14250.0,194.1667871598315,194.1664639283861,14326.928369409265,2.738961552388231e-06,2.738961552388231e-06,0.0,0.0,60365.42093912213,194.16656089422256,1.917302610431194e-06,60363.51957974475,3.508771929824561e-05
14300.0,193.67957591310832,193.67927567461993,14201.393299209793,2.5505260631130655e-06,2.5505260631130655e-06,0.0,0.0,60365.49622482072,193.6793657430471,1.7853939129255375e-06,60363.72576555473,3.4965034965034965e-05
14350.0,193.19233227174104,193.19205350133726,14076.646545145068,2.374127063101848e-06,2.374127063101848e-06,0.0,0.0,60365.56682773009,193.19213712975545,1.661911243980874e-06,60363.91890075056,3.484320557491289e-05
14400.0,192.7050581271058,192.7047993932249,13952.685103026419,2.20905904920793e-06,2.20905904920793e-06,0.0,0.0,60365.633013252525,192.70487701104895,1.546360692369453e-06,60364.09974162428,3.472222222222222e-05
14450.0,192.21775527112527,192.21751523032708,13829.505974098121,2.0546538042502395e-06,2.0546538042502395e-06,0.0,0.0,60365.69503338053,192.21758724054192,1.43827445391967e-06,60364.269005090566,3.460207612456748e-05
14500.0,191.7304254008352,191.73020279286715,13707.106164947609,1.9102786728851192e-06,1.9102786728851192e-06,0.0,0.0,60365.75312727718,191.73026957350746,1.337209623859749e-06,60364.42737046968,3.4482758620689657e-05
14550.0,191.2430701227787,191.2428637658875,13585.482687420366,1.775334902824068e-06,1.775334902824068e-06,0.0,0.0,60365.80752183682,191.2429256714432,1.2427470349845038e-06,60364.57548120349,3.436426116838488e-05
14600.0,190.7556909572345,190.7554997437126,13464.632558539719,1.6492560497741743e-06,1.6492560497741743e-06,0.0,0.0,60365.85843222677,190.75555710646452,1.1544901405014434e-06,60364.713946509546,3.424657534246575e-05
14650.0,190.26828934228212,190.26811223423894,13344.552800430763,1.5315064444599687e-06,1.5315064444599687e-06,0.0,0.0,60365.90606240999,190.26816536552684,1.0720639403993946e-06,60364.84334297186,3.4129692832764505e-05
14700.0,189.7808666377087,189.7807026630573,13225.240440248826,1.4215797200735487e-06,1.4215797200735487e-06,0.0,0.0,60365.95060564937,189.78075185448333,9.951139501760827e-07,60364.96421607153,3.401360544217687e-05
14750.0,189.29342412876167,189.2932723774111,13106.692510111734,1.3189973984928075e-06,1.3189973984928075e-06,0.0,0.0,60365.99224499395,189.29331790198174,9.233052107564166e-07,60365.0770816584,3.389830508474576e-05
14800.0,188.80596302975104,188.80582264999592,12988.906047036042,1.2233075336059414e-06,1.2233075336059414e-06,0.0,0.0,60366.03115374723,188.80586476320454,8.563213384327044e-07,60365.18242736463,3.3783783783783784e-05
14850.0,188.31848448750685,188.31835468260434,12871.878092877048,1.1340834100828348e-06,1.1340834100828348e-06,0.0,0.0,60366.06749591834,188.3183936234581,7.938636136604829e-07,60365.280713963264,3.367003367003367e-05
14900.0,187.8309895846938,187.83086960962103,12755.605694272073,1.0509222959408643e-06,1.0509222959408643e-06,0.0,0.0,60366.101426656096,187.83090560161304,7.356501075483588e-07,60365.372376670886,3.355704697986577e-05
14950.0,187.34347934298992,187.3433685013725,12640.085902587383,9.734442472625524e-07,9.734442472625524e-07,0.0,0.0,60366.13309266672,187.3434017534031,6.814148448885558e-07,60365.4578263988,3.3444816053511705e-05
15000.0,186.85595472613144,186.85585236733561,12525.31577386809,9.012909634362724e-07,9.012909634362724e-07,0.0,0.0,60366.16263261512,186.85588307458463,6.309070025840671e-07,60365.53745095204,3.3333333333333335e-05
