CAPE_u,CAPE_ext,CAPE_dist,dh,sat_def,P,RH,dz,ent_b
0.0,0.0,0.0,-2.628212131370674,0.009659155665531487,0.0,0.02,4300.0,0.0
,,,-5330.364648358183,0.00845425894210804,1.0,0.02,4300.0,0.00010337401292175163
,,,-8229.320619192287,0.007725022441404756,2.0,0.02,4250.0,0.0002038765254845657
,,,-9924.661838388456,0.007224404245217735,3.0,0.02,4250.0,0.00030150753768844223
,,,-10939.401412599378,0.006797628814070445,4.0,0.02,4200.0,0.00040201005025125634
,,,-11547.401321325597,0.00647246028456155,5.0,0.02,4200.0,0.0004953338119167266
,,,-11894.218945613953,0.006197672521791896,6.0,0.02,4200.0,0.0005857860732232591
,,,-12071.116376567406,0.005957508272793019,7.0,0.02,4200.0,0.0006733668341708544
,,,-12126.594525015811,0.005716829145439646,8.0,0.02,4150.0,0.0007695620961952622
,,,-12088.05011474275,0.005533353114672567,9.0,0.02,4150.0,0.0008528356066044509
,,,-12020.11005311444,0.005359561541218737,10.0,0.02,4150.0,0.0009332376166547023
,,,-11897.704293895971,0.005206965341466696,11.0,0.02,4150.0,0.0010265613783201723
,,,-11735.75611860396,0.005068316139857215,12.0,0.02,4150.0,0.001102656137832017
,,,-11583.449101986349,0.004935419605709276,13.0,0.02,4150.0,0.0011945441493180187
,,,-11402.064129233477,0.0047934361815191815,14.0,0.02,4100.0,0.0012663316582914572
,,,-11193.302715665333,0.004685360611118099,15.0,0.02,4100.0,0.0013567839195979896
,,,-11018.469883731908,0.004577750396462246,16.0,0.02,4100.0,0.0014242641780330225
,,,-10811.21670093458,0.00448545165199255,17.0,0.02,4100.0,0.001513280689160086
,,,-10596.833689730302,0.0044006363654828465,18.0,0.02,4100.0,0.0015764536970567123
,,,-10431.350900078396,0.004306297833179613,19.0,0.02,4100.0,0.0016640344580043072
,,,-10212.611546369779,0.004227776785203632,20.0,0.02,4100.0,0.0017229002153625274
,,,-10036.39507839844,0.0041536108164374926,21.0,0.02,4100.0,0.0018090452261306533
,,,-9855.893335591012,0.0040763920767389146,22.0,0.02,4100.0,0.0018636037329504665
,,,-9693.873112167363,0.004007929966345688,23.0,0.02,4100.0,0.001948312993539124
,,,-9467.315035156847,0.003947239323431539,24.0,0.02,4100.0,0.001998564249820531
,,,-9274.608975642645,0.0038782351396732073,25.0,0.02,4050.0,0.00208183776022972
,,,-9145.4567366864,0.00380930486050837,26.0,0.02,4050.0,0.002165111270638909
,,,-8990.072297971776,0.0037578839002765933,27.0,0.02,4050.0,0.002209619526202441
,,,-8790.873216837368,0.003703222289147478,28.0,0.02,4050.0,0.002291457286432161
,,,-8595.85227361368,0.0036517071828820464,29.0,0.02,4050.0,0.0023732950466618815
,,,-8467.091475413334,0.00360351066375937,30.0,0.02,4050.0,0.0024120603015075374
0.0,0.0,0.0,-2.628212131370674,0.009216223756612723,0.0,0.06,4300.0,0.0
,,,-5119.040379770515,0.008118888976126264,1.0,0.06,4300.0,0.00010337401292175163
,,,-7934.373109595923,0.007447005524803415,2.0,0.06,4250.0,0.0002038765254845657
,,,-9600.152466182197,0.006984940434896224,3.0,0.06,4250.0,0.00030150753768844223
,,,-10611.642824133458,0.00662160531374706,4.0,0.06,4250.0,0.00040201005025125634
,,,-11230.533576731097,0.006284871344807473,5.0,0.06,4200.0,0.0004953338119167266
,,,-11595.55357880288,0.0060284323759705076,6.0,0.06,4200.0,0.0005857860732232591
,,,-11794.420227409799,0.005803687143493032,7.0,0.06,4200.0,0.0006733668341708544
,,,-11874.404512517336,0.005603319514778662,8.0,0.06,4200.0,0.0007695620961952622
,,,-11860.893454808749,0.0054039648701749024,9.0,0.06,4150.0,0.0008528356066044509
,,,-11817.924443550968,0.0052402656004964495,10.0,0.06,4150.0,0.0009332376166547023
,,,-11721.347772011839,0.005096263739923754,11.0,0.06,4150.0,0.0010265613783201723
,,,-11583.468177290662,0.004965210837267051,12.0,0.06,4150.0,0.001102656137832017
,,,-11453.821470672861,0.004839340237469352,13.0,0.06,4150.0,0.0011945441493180187
,,,-11296.008969230767,0.004724190913079945,14.0,0.06,4150.0,0.0012663316582914572
,,,-11107.673631847741,0.004621319013658935,15.0,0.06,4150.0,0.0013567839195979896
,,,-10954.209195537602,0.004498674638383597,16.0,0.06,4100.0,0.0014242641780330225
,,,-10765.095930759344,0.0044107433245262695,17.0,0.06,4100.0,0.001513280689160086
,,,-10570.955383131557,0.00432996146710358,18.0,0.06,4100.0,0.0015764536970567123
,,,-10423.588624414995,0.004239868133716039,19.0,0.06,4100.0,0.0016640344580043072
,,,-10220.819032429994,0.0041649487087799565,20.0,0.06,4100.0,0.0017229002153625274
,,,-10061.737235948167,0.004093983415578489,21.0,0.06,4100.0,0.0018090452261306533
,,,-9897.381992750772,0.004020119054778179,22.0,0.06,4100.0,0.0018636037329504665
,,,-9747.456809807132,0.003954502010851944,23.0,0.06,4100.0,0.001948312993539124
,,,-9536.260061489469,0.0038963051690976943,24.0,0.06,4100.0,0.001998564249820531
,,,-9358.085661337565,0.003844837687515328,25.0,0.06,4100.0,0.00208183776022972
,,,-9241.967378898444,0.003777966646898804,26.0,0.06,4100.0,0.002165111270638909
,,,-9098.441351643662,0.0037136197569372126,27.0,0.06,4050.0,0.002209619526202441
,,,-8909.153790930082,0.0036611401476532614,28.0,0.06,4050.0,0.002291457286432161
,,,-8726.125432386274,0.003611449785134974,29.0,0.06,4050.0,0.0023732950466618815
,,,-8608.949325819289,0.003565084379432253,30.0,0.06,4050.0,0.0024120603015075374
0.0,0.0,0.0,-2.628212131370674,0.008778186795266898,0.0,0.1,4300.0,0.0
,,,-4906.981601289932,0.0077823555013881015,1.0,0.1,4300.0,0.00010337401292175163
,,,-7635.482486563473,0.007165419274213136,2.0,0.1,4250.0,0.0002038765254845657
,,,-9268.403389286177,0.0067405598563971695,3.0,0.1,4250.0,0.00030150753768844223
,,,-10273.844613707202,0.006405018425153322,4.0,0.1,4250.0,0.00040201005025125634
,,,-10901.035237517004,0.006091138352508902,5.0,0.1,4200.0,0.0004953338119167266
,,,-11282.201985941603,0.005852753822694443,6.0,0.1,4200.0,0.0005857860732232591
,,,-11501.341256896827,0.005643256254031435,7.0,0.1,4200.0,0.0006733668341708544
,,,-11604.551657316551,0.005456029288481063,8.0,0.1,4200.0,0.0007695620961952622
,,,-11614.817716414189,0.005267893045001899,9.0,0.1,4150.0,0.0008528356066044509
,,,-11595.869838366933,0.00511429770240361,10.0,0.1,4150.0,0.0009332376166547023
,,,-11524.329016341326,0.004978928929832122,11.0,0.1,4150.0,0.0010265613783201723
,,,-11409.948493117263,0.004855530456120456,12.0,0.1,4150.0,0.001102656137832017
,,,-11302.508724425446,0.004736771092668269,13.0,0.1,4150.0,0.0011945441493180187
,,,-11167.902622423397,0.004628022300661266,14.0,0.1,4150.0,0.0012663316582914572
,,,-11000.104767223507,0.004530600416748245,15.0,0.1,4150.0,0.0013567839195979896
,,,-10867.59044434312,0.0044325856439562435,16.0,0.1,4150.0,0.0014242641780330225
,,,-10696.49734240819,0.004329973119001379,17.0,0.1,4100.0,0.001513280689160086
,,,-10522.489080202642,0.00425331770878261,18.0,0.1,4100.0,0.0015764536970567123
,,,-10393.280339397425,0.004167596774682563,19.0,0.1,4100.0,0.0016640344580043072
,,,-10206.576699482772,0.004096378181378553,20.0,0.1,4100.0,0.0017229002153625274
,,,-10064.653618527947,0.004028723427907967,21.0,0.1,4100.0,0.0018090452261306533
,,,-9916.593514496963,0.003958321760348355,22.0,0.1,4100.0,0.0018636037329504665
,,,-9778.945904779262,0.003895658204655172,23.0,0.1,4100.0,0.001948312993539124
,,,-9583.361984541989,0.003840058251099864,24.0,0.1,4100.0,0.001998564249820531
,,,-9419.975980402276,0.003790777811820072,25.0,0.1,4100.0,0.00208183776022972
,,,-9317.303167614606,0.0037267971553933497,26.0,0.1,4100.0,0.002165111270638909
,,,-9181.665482832526,0.003679437474959163,27.0,0.1,4100.0,0.002209619526202441
,,,-9006.798922482005,0.003629353579077457,28.0,0.1,4100.0,0.002291457286432161
,,,-8835.990122424962,0.0035810034623197312,29.0,0.1,4100.0,0.0023732950466618815
,,,-8730.430985686027,0.0035219430108357295,30.0,0.1,4050.0,0.0024120603015075374
0.0,0.0,0.0,-2.628212131370674,0.008344923517191882,0.0,0.13999999999999999,4300.0,0.0
,,,-4694.220533902728,0.0074447098363403085,1.0,0.13999999999999999,4300.0,0.00010337401292175163
,,,-7332.709456986486,0.006880315105659577,2.0,0.13999999999999999,4250.0,0.0002038765254845657
,,,-8929.452918990413,0.0064912790000408995,3.0,0.13999999999999999,4250.0,0.00030150753768844223
,,,-9925.884433699983,0.006182700208937599,4.0,0.13999999999999999,4250.0,0.00040201005025125634
,,,-10558.80156205059,0.005891192573146935,5.0,0.13999999999999999,4200.0,0.0004953338119167266
,,,-10953.960544858237,0.005670527738912642,6.0,0.13999999999999999,4200.0,0.0005857860732232591
,,,-11191.572823865077,0.00547606826910115,7.0,0.13999999999999999,4200.0,0.0006733668341708544
,,,-11316.482516047457,0.00530185824237866,8.0,0.13999999999999999,4200.0,0.0007695620961952622
,,,-11349.526553615942,0.005149932863352208,9.0,0.13999999999999999,4200.0,0.0008528356066044509
,,,-11353.312781277455,0.004981423456985482,10.0,0.13999999999999999,4150.0,0.0009332376166547023
,,,-11305.907130891137,0.004854703600962257,11.0,0.13999999999999999,4150.0,0.0010265613783201723
,,,-11214.360363093452,0.00473899746256458,12.0,0.13999999999999999,4150.0,0.001102656137832017
,,,-11128.573981025329,0.004627415177649953,13.0,0.13999999999999999,4150.0,0.0011945441493180187
,,,-11016.68089054853,0.004525134751544627,14.0,0.13999999999999999,4150.0,0.0012663316582914572
,,,-10869.189056089628,0.004433259244556203,15.0,0.13999999999999999,4150.0,0.0013567839195979896
,,,-10757.521195842899,0.004340826008324795,16.0,0.13999999999999999,4150.0,0.0014242641780330225
,,,-10604.39427220641,0.004262029481261119,17.0,0.13999999999999999,4150.0,0.001513280689160086
,,,-10450.129371984134,0.004188596369369297,18.0,0.13999999999999999,4150.0,0.0015764536970567123
,,,-10338.98757929742,0.004089119450451975,19.0,0.13999999999999999,4100.0,0.0016640344580043072
,,,-10168.386982840602,0.004021690796721642,20.0,0.13999999999999999,4100.0,0.0017229002153625274
,,,-10043.582904205272,0.003957449199285301,21.0,0.13999999999999999,4100.0,0.0018090452261306533
,,,-9911.899376659407,0.003890613402045929,22.0,0.13999999999999999,4100.0,0.0018636037329504665
,,,-9786.662409031342,0.003831009834483338,23.0,0.13999999999999999,4100.0,0.001948312993539124
,,,-9606.888340589088,0.0037781022612403074,24.0,0.13999999999999999,4100.0,0.001998564249820531
,,,-9458.409087264634,0.0037310979986004324,25.0,0.13999999999999999,4100.0,0.00208183776022972
,,,-9369.344440587447,0.0036701181808690988,26.0,0.13999999999999999,4100.0,0.002165111270638909
,,,-9241.714742652832,0.003624868561475125,27.0,0.13999999999999999,4100.0,0.002209619526202441
,,,-9081.832303023446,0.003577126755801873,28.0,0.13999999999999999,4100.0,0.002291457286432161
,,,-8923.7726151053,0.0035308313890439844,29.0,0.13999999999999999,4100.0,0.0023732950466618815
,,,-8829.980078919572,0.0034878515638131218,30.0,0.13999999999999999,4100.0,0.0024120603015075374
0.0,0.0,0.0,-2.628212131370674,0.007916317396456991,0.0,0.18,4300.0,0.0
,,,-4480.788381347404,0.007106002012183654,1.0,0.18,4300.0,0.00010337401292175163
,,,-7026.11461167071,0.006591744452454683,2.0,0.18,4250.0,0.0002038765254845657
,,,-8583.341891459117,0.006237115568970549,3.0,0.18,4250.0,0.00030150753768844223
,,,-9567.745016814566,0.005954625575185011,4.0,0.18,4250.0,0.00040201005025125634
,,,-10203.779829730513,0.00571468076515792,5.0,0.18,4250.0,0.0004953338119167266
,,,-10610.629982584425,0.0054816469230444245,6.0,0.18,4200.0,0.0005857860732232591
,,,-10864.810653709945,0.0053019771999542175,7.0,0.18,4200.0,0.0006733668341708544
,,,-11009.780067045314,0.005140626762171113,8.0,0.18,4200.0,0.0007695620961952622
,,,-11064.307327414856,0.004999576296618308,9.0,0.18,4200.0,0.0008528356066044509
,,,-11089.7931051267,0.0048651371220215555,10.0,0.18,4200.0,0.0009332376166547023
,,,-11065.33047233351,0.004723325036297903,11.0,0.18,4150.0,0.0010265613783201723
,,,-10995.847248394857,0.004615328389634271,12.0,0.18,4150.0,0.001102656137832017
,,,-10931.06283199988,0.004510965378485203,13.0,0.18,4150.0,0.0011945441493180187
,,,-10841.281648998702,0.004415206595689575,14.0,0.18,4150.0,0.0012663316582914572
,,,-10713.779345041432,0.0043289536325418375,15.0,0.18,4150.0,0.0013567839195979896
,,,-10622.533614650885,0.004242178029722245,16.0,0.18,4150.0,0.0014242641780330225
,,,-10487.324116894226,0.004168022376248735,17.0,0.18,4150.0,0.001513280689160086
,,,-10352.758619035369,0.004098911689602076,18.0,0.18,4150.0,0.0015764536970567123
,,,-10259.425069909266,0.004021367868336778,19.0,0.18,4150.0,0.0016640344580043072
,,,-10104.70961249053,0.003958133205810133,20.0,0.18,4150.0,0.0017229002153625274
,,,-9996.894347221089,0.003879756751841525,21.0,0.18,4100.0,0.0018090452261306533
,,,-9881.584723197513,0.003816587625719112,22.0,0.18,4100.0,0.0018636037329504665
,,,-9768.83869129089,0.0037601413668536506,23.0,0.18,4100.0,0.001948312993539124
,,,-9605.017754675355,0.0037100138356117762,24.0,0.18,4100.0,0.001998564249820531
,,,-9471.506935673417,0.0036653719891829705,25.0,0.18,4100.0,0.00208183776022972
,,,-9396.140893357238,0.003607503373078266,26.0,0.18,4100.0,0.002165111270638909
,,,-9276.826018008258,0.0035644590502763697,27.0,0.18,4100.0,0.002209619526202441
,,,-9132.016877938178,0.003519140518140207,28.0,0.18,4100.0,0.002291457286432161
,,,-8987.029472437745,0.003474999406033951,29.0,0.18,4100.0,0.0023732950466618815
,,,-8905.107888361548,0.0034341138886776522,30.0,0.18,4100.0,0.0024120603015075374
0.0,0.0,0.0,-2.628212131370674,0.007492256451488824,0.0,0.22,4300.0,0.0
,,,-4266.715596896327,0.006766280626819081,1.0,0.22,4300.0,0.00010337401292175163
,,,-6715.758829295555,0.006336143800835445,2.0,0.22,4300.0,0.0002038765254845657
,,,-8230.112477691226,0.005978089841646375,3.0,0.22,4250.0,0.00030150753768844223
,,,-9199.412175157297,0.005720772777797531,4.0,0.22,4250.0,0.00040201005025125634
,,,-9835.98650218459,0.005501454689200048,5.0,0.22,4250.0,0.0004953338119167266
,,,-10252.017141034623,0.0052860059922440715,6.0,0.22,4200.0,0.0005857860732232591
,,,-10520.753325658632,0.005120839079747402,7.0,0.22,4200.0,0.0006733668341708544
,,,-10684.028701016301,0.004972153964544603,8.0,0.22,4200.0,0.0007695620961952622
,,,-10758.599814113535,0.004841861699262046,9.0,0.22,4200.0,0.0008528356066044509
,,,-10804.601988067712,0.0047174358094881725,10.0,0.22,4200.0,0.0009332376166547023
,,,-10802.020890292348,0.004606414167751238,11.0,0.22,4200.0,0.0010265613783201723
,,,-10753.537387041484,0.004484231848303806,12.0,0.22,4150.0,0.001102656137832017
,,,-10708.997187139197,0.004387107256132515,13.0,0.22,4150.0,0.0011945441493180187
,,,-10640.615364326484,0.0042979036257424965,14.0,0.22,4150.0,0.0012663316582914572
,,,-10532.690769367036,0.004217331144854935,15.0,0.22,4150.0,0.0013567839195979896
,,,-10461.33637382034,0.004136272603203474,16.0,0.22,4150.0,0.0014242641780330225
,,,-10343.809290822799,0.004066826193819116,17.0,0.22,4150.0,0.001513280689160086
,,,-10228.585546797942,0.004002105223464736,18.0,0.22,4150.0,0.0015764536970567123
,,,-10153.001002683115,0.003929300737027506,19.0,0.22,4150.0,0.0016640344580043072
,,,-10014.293106535086,0.0038699742674290073,20.0,0.22,4150.0,0.0017229002153625274
,,,-9923.127605113506,0.0038120658639872068,21.0,0.22,4150.0,0.0018090452261306533
,,,-9823.919705354478,0.00375192769633229,22.0,0.22,4150.0,0.0018636037329504665
,,,-9723.621880995728,0.003682610516653381,23.0,0.22,4100.0,0.001948312993539124
,,,-9575.829662432989,0.003635344020964851,24.0,0.22,4100.0,0.001998564249820531
,,,-9457.278396374764,0.0035931504001358926,25.0,0.22,4100.0,0.00208183776022972
,,,-9395.625378500597,0.003538496099208993,26.0,0.22,4100.0,0.002165111270638909
,,,-9284.901310408568,0.0034977441499520713,27.0,0.22,4100.0,0.002209619526202441
,,,-9155.199330862837,0.003454924821519117,28.0,0.22,4100.0,0.002291457286432161
,,,-9023.54533598989,0.0034130359360528928,29.0,0.22,4100.0,0.0023732950466618815
,,,-8953.487655005243,0.003374328196123449,30.0,0.22,4100.0,0.0024120603015075374
0.0,0.0,0.0,-2.628212131370674,0.007072633000324725,0.0,0.26,4300.0,0.0
,,,-4052.031665618626,0.006425593261164304,1.0,0.26,4300.0,0.00010337401292175163
,,,-6401.829819539496,0.006039457785845596,2.0,0.26,4300.0,0.0002038765254845657
,,,-7869.809168114567,0.005714223673938927,3.0,0.26,4250.0,0.00030150753768844223
,,,-8820.875794178508,0.005481122850725678,4.0,0.26,4250.0,0.00040201005025125634
,,,-9455.176387789732,0.005281765530569752,5.0,0.26,4250.0,0.0004953338119167266
,,,-9877.940855532717,0.005110317974171779,6.0,0.26,4250.0,0.0005857860732232591
,,,-10159.103679239211,0.0049325118893618295,7.0,0.26,4200.0,0.0006733668341708544
,,,-10338.815570381026,0.004796259145656618,8.0,0.26,4200.0,0.0007695620961952622
,,,-10431.873871501135,0.004676574179151486,9.0,0.26,4200.0,0.0008528356066044509
,,,-10496.986956200766,0.004562055213061128,10.0,0.26,4200.0,0.0009332376166547023
,,,-10515.162072383377,0.004459667448026766,11.0,0.26,4200.0,0.0010265613783201723
,,,-10486.77585138598,0.0043665024745598085,12.0,0.26,4200.0,0.001102656137832017
,,,-10461.375508263722,0.004255520526731846,13.0,0.26,4150.0,0.0011945441493180187
,,,-10413.568767684272,0.004172880871383009,14.0,0.26,4150.0,0.0012663316582914572
,,,-10324.70132578165,0.004098030093167539,15.0,0.26,4150.0,0.0013567839195979896
,,,-10272.603735734192,0.0040227252010419014,16.0,0.26,4150.0,0.0014242641780330225
,,,-10172.424791441474,0.003958043435271257,17.0,0.26,4150.0,0.001513280689160086
,,,-10076.088374628795,0.0038977647134401192,18.0,0.26,4150.0,0.0015764536970567123
,,,-10017.923615255422,0.003829778438603862,19.0,0.26,4150.0,0.0016640344580043072
,,,-9895.050201045495,0.0037744181665568697,20.0,0.26,4150.0,0.0017229002153625274
,,,-9820.41256650255,0.0037202226533279647,21.0,0.26,4150.0,0.0018090452261306533
,,,-9737.32854850887,0.003663947611688019,22.0,0.26,4150.0,0.0018636037329504665
,,,-9649.42964144214,0.0036145161522708,23.0,0.26,4150.0,0.001948312993539124
,,,-9517.484078702939,0.003569572648772979,24.0,0.26,4150.0,0.001998564249820531
,,,-9413.654132775344,0.0035293232576921675,25.0,0.26,4150.0,0.00208183776022972
,,,-9365.617261548949,0.003462606585375836,26.0,0.26,4100.0,0.002165111270638909
,,,-9263.720520186791,0.0034242273551807175,27.0,0.26,4100.0,0.002209619526202441
,,,-9149.089303877663,0.0033839785459423705,28.0,0.26,4100.0,0.002291457286432161
,,,-9030.954145764794,0.0033444401537833703,29.0,0.26,4100.0,0.0023732950466618815
,,,-8972.69454715729,0.0033079859909550847,30.0,0.26,4100.0,0.0024120603015075374
0.0,0.0,0.0,-2.628212131370674,0.006657343411008849,0.0,0.30000000000000004,4300.0,0.0
,,,-3836.76538343179,0.006083986066739832,1.0,0.30000000000000004,4300.0,0.00010337401292175163
,,,-6084.261279859849,0.005739406751060248,2.0,0.30000000000000004,4300.0,0.0002038765254845657
,,,-7502.478488580695,0.0054455411833964715,3.0,0.30000000000000004,4250.0,0.00030150753768844223
,,,-8432.130302259124,0.005235659529455228,4.0,0.30000000000000004,4250.0,0.00040201005025125634
,,,-9061.264010987346,0.005055553375617567,5.0,0.30000000000000004,4250.0,0.0004953338119167266
,,,-9488.442384471979,0.004900178104683472,6.0,0.30000000000000004,4250.0,0.0005857860732232591
,,,-9779.570683306367,0.004736854748015589,7.0,0.30000000000000004,4200.0,0.0006733668341708544
,,,-9973.733444094018,0.00461276204010346,8.0,0.30000000000000004,4200.0,0.0007695620961952622
,,,-10083.601179714904,0.00450349809874403,9.0,0.30000000000000004,4200.0,0.0008528356066044509
,,,-10166.294233833956,0.004398745752720341,10.0,0.30000000000000004,4200.0,0.0009332376166547023
,,,-10203.850277310929,0.004304899327770528,11.0,0.30000000000000004,4200.0,0.0010265613783201723
,,,-10194.551376607793,0.0042193692142092525,12.0,0.30000000000000004,4200.0,0.001102656137832017
,,,-10187.497755510281,0.004136299181060078,13.0,0.30000000000000004,4200.0,0.0011945441493180187
,,,-10159.090510737857,0.004059150073857049,14.0,0.30000000000000004,4200.0,0.0012663316582914572
,,,-10088.557075972421,0.003970675746649392,15.0,0.30000000000000004,4150.0,0.0013567839195979896
,,,-10054.968381431958,0.003901138435139312,16.0,0.30000000000000004,4150.0,0.0014242641780330225
,,,-9971.695873705867,0.0038412625660364853,17.0,0.30000000000000004,4150.0,0.001513280689160086
,,,-9893.697864348193,0.0037854586260002215,18.0,0.30000000000000004,4150.0,0.0015764536970567123
,,,-9852.501927063422,0.003722353615221588,19.0,0.30000000000000004,4150.0,0.0016640344580043072
,,,-9745.201632737073,0.0036710070842694035,20.0,0.30000000000000004,4150.0,0.0017229002153625274
,,,-9686.71314233978,0.0036205884224383895,21.0,0.30000000000000004,4150.0,0.0018090452261306533
,,,-9619.484986764131,0.003568241114408546,22.0,0.30000000000000004,4150.0,0.0018636037329504665
,,,-9543.973856063116,0.003522167205495814,23.0,0.30000000000000004,4150.0,0.001948312993539124
,,,-9427.949316704122,0.003480261072373619,24.0,0.30000000000000004,4150.0,0.001998564249820531
,,,-9338.847943268753,0.0034426357845493945,25.0,0.30000000000000004,4150.0,0.00208183776022972
,,,-9304.178469090286,0.0033941108208477224,26.0,0.30000000000000004,4150.0,0.002165111270638909
,,,-9211.154679550942,0.0033588013023064705,27.0,0.30000000000000004,4150.0,0.002209619526202441
,,,-9111.320253995633,0.0033206916344898163,28.0,0.30000000000000004,4150.0,0.002291457286432161
,,,-9006.740423374365,0.0032686736901605916,29.0,0.30000000000000004,4100.0,0.0023732950466618815
,,,-8960.161398663935,0.003234537887716546,30.0,0.30000000000000004,4100.0,0.0024120603015075374
0.0,0.0,0.0,-2.628212131370674,0.006246287891549985,0.0,0.34,4300.0,0.0
,,,-3620.944747285299,0.005741504079223965,1.0,0.34,4300.0,0.00010337401292175163
,,,-5763.113676654364,0.005436042748217053,2.0,0.34,4300.0,0.0002038765254845657
,,,-7128.169277055946,0.005172068215586756,3.0,0.34,4250.0,0.00030150753768844223
,,,-8033.174259240979,0.004984370095980619,4.0,0.34,4250.0,0.00040201005025125634
,,,-8654.170175635445,0.004822761687700045,5.0,0.34,4250.0,0.0004953338119167266
,,,-9083.12374529436,0.004682912538724347,6.0,0.34,4250.0,0.0005857860732232591
,,,-9381.971037392868,0.0045582222130473495,7.0,0.34,4250.0,0.0006733668341708544
,,,-9588.38077222812,0.0044214837528649634,8.0,0.34,4200.0,0.0007695620961952622
,,,-9713.259286194014,0.00432241712440371,9.0,0.34,4200.0,0.0008528356066044509
,,,-9811.870126039692,0.0042272557499671605,10.0,0.34,4200.0,0.0009332376166547023
,,,-9867.298801247525,0.004141826270376376,11.0,0.34,4200.0,0.0010265613783201723
,,,-9875.85823190632,0.0040638400832598235,12.0,0.34,4200.0,0.001102656137832017
,,,-9886.05231409151,0.003987939366388941,13.0,0.34,4200.0,0.0011945441493180187
,,,-9876.223180289177,0.00391736592382789,14.0,0.34,4200.0,0.0012663316582914572
,,,-9823.2200272825,0.0038538326626418045,15.0,0.34,4200.0,0.0013567839195979896
,,,-9807.050490494177,0.00378918941105505,16.0,0.34,4200.0,0.0014242641780330225
,,,-9740.10504180238,0.003716053826286042,17.0,0.34,4150.0,0.001513280689160086
,,,-9679.792023042719,0.003664738344415121,18.0,0.34,4150.0,0.0015764536970567123
,,,-9654.97915820469,0.0036065603342810924,19.0,0.34,4150.0,0.0016640344580043072
,,,-9562.900396637713,0.0035592585045931295,20.0,0.34,4150.0,0.0017229002153625274
,,,-9520.08233122257,0.003512664367175309,21.0,0.34,4150.0,0.0018090452261306533
,,,-9468.324617650396,0.0034642960596998006,22.0,0.34,4150.0,0.0018636037329504665
,,,-9404.991809607047,0.0034216413898433082,23.0,0.34,4150.0,0.001948312993539124
,,,-9304.703858163557,0.003382827088062646,24.0,0.34,4150.0,0.001998564249820531
,,,-9230.101122918044,0.0033478847529636534,25.0,0.34,4150.0,0.00208183776022972
,,,-9208.667572758794,0.0033028451793562057,26.0,0.34,4150.0,0.002165111270638909
,,,-9124.792502487544,0.003270006687009967,27.0,0.34,4150.0,0.002209619526202441
,,,-9039.70995036175,0.003234619818743523,28.0,0.34,4150.0,0.002291457286432161
,,,-8948.722231494721,0.003199577098571698,29.0,0.34,4150.0,0.0023732950466618815
,,,-8913.483653554962,0.003167396016722254,30.0,0.34,4150.0,0.0024120603015075374
0.0,0.0,0.0,-2.628212131370674,0.005839370292254779,0.0,0.38,4300.0,0.0
,,,-3404.597054748687,0.005398191241812718,1.0,0.38,4300.0,0.00010337401292175163
,,,-5438.447406782609,0.005129418191390703,2.0,0.38,4300.0,0.0002038765254845657
,,,-6746.9326018041465,0.004893832636356624,3.0,0.38,4250.0,0.00030150753768844223
,,,-7624.011358767319,0.0047272443929071255,4.0,0.38,4250.0,0.00040201005025125634
,,,-8233.823109406912,0.004583337400983455,5.0,0.38,4250.0,0.0004953338119167266
,,,-8661.81654418294,0.004458424764692374,6.0,0.38,4250.0,0.0005857860732232591
,,,-8966.094609699772,0.004346753901443902,7.0,0.38,4250.0,0.0006733668341708544
,,,-9182.393618965667,0.004244960150751276,8.0,0.38,4250.0,0.0007695620961952622
,,,-9320.326291822239,0.004133116585657235,9.0,0.38,4200.0,0.0008528356066044509
,,,-9433.065886952681,0.004047331748055182,10.0,0.38,4200.0,0.0009332376166547023
,,,-9504.719612173685,0.003970161137613483,11.0,0.38,4200.0,0.0010265613783201723
,,,-9529.777967742193,0.0038995976156492697,12.0,0.38,4200.0,0.001102656137832017
,,,-9555.96611671184,0.0038307783728933394,13.0,0.38,4200.0,0.0011945441493180187
,,,-9563.500098105338,0.0037667153105510015,14.0,0.38,4200.0,0.0012663316582914572
,,,-9527.304479113947,0.0037088911831795334,15.0,0.38,4200.0,0.0013567839195979896
,,,-9527.754376532183,0.0036500392459861046,16.0,0.38,4200.0,0.0014242641780330225
,,,-9476.355454060424,0.0035998127275091757,17.0,0.38,4200.0,0.001513280689160086
,,,-9432.761265427383,0.003552290110395561,18.0,0.38,4200.0,0.0015764536970567123
,,,-9423.531002817588,0.0034819147171073535,19.0,0.38,4150.0,0.0016640344580043072
,,,-9346.241732304712,0.003438665849297465,20.0,0.38,4150.0,0.0017229002153625274
,,,-9318.485841040492,0.003395929768012475,21.0,0.38,4150.0,0.0018090452261306533
,,,-9281.686784993944,0.0033515768725465188,22.0,0.38,4150.0,0.0018636037329504665
,,,-9230.243382649365,0.0033123844006577195,23.0,0.38,4150.0,0.001948312993539124
,,,-9145.410664210256,0.0032767018169259973,24.0,0.38,4150.0,0.001998564249820531
,,,-9084.967033026827,0.0032444927321072002,25.0,0.38,4150.0,0.00208183776022972
,,,-9076.3768649763,0.00320300046531689,26.0,0.38,4150.0,0.002165111270638909
,,,-9001.690245467064,0.0031726921159965587,27.0,0.38,4150.0,0.002209619526202441
,,,-8931.082550461688,0.003140072203036494,28.0,0.38,4150.0,0.002291457286432161
,,,-8853.708206362367,0.003107640154754876,29.0,0.38,4150.0,0.0023732950466618815
,,,-8829.648930741678,0.0030779130931680456,30.0,0.38,4150.0,0.0024120603015075374
0.0,0.0,0.0,-2.628212131370674,0.005436497897354289,0.0,0.42000000000000004,4300.0,0.0
,,,-3187.7488267878216,0.005054090487342629,1.0,0.42000000000000004,4300.0,0.00010337401292175163
,,,-5110.322848458287,0.0048195859163131256,2.0,0.42000000000000004,4300.0,0.0002038765254845657
,,,-6358.822158642535,0.004610864176413117,3.0,0.42000000000000004,4250.0,0.00030150753768844223
,,,-7204.650226108104,0.0044642755754555835,4.0,0.42000000000000004,4250.0,0.00040201005025125634
,,,-7800.158289830033,0.00433723130549284,5.0,0.42000000000000004,4250.0,0.0004953338119167266
,,,-8224.360851646597,0.004226622035491508,6.0,0.42000000000000004,4250.0,0.0005857860732232591
,,,-8531.518011120766,0.004127474592887778,7.0,0.42000000000000004,4250.0,0.0006733668341708544
,,,-8755.606659307035,0.004036876544031667,8.0,0.42000000000000004,4250.0,0.0007695620961952622
,,,-8904.318171058461,0.003956606387038576,9.0,0.42000000000000004,4250.0,0.0008528356066044509
,,,-9029.231247744305,0.003858721129896865,10.0,0.42000000000000004,4200.0,0.0009332376166547023
,,,-9115.325756489518,0.0037896143750259918,11.0,0.42000000000000004,4200.0,0.0010265613783201723
,,,-9155.383126259352,0.0037263213010136353,12.0,0.42000000000000004,4200.0,0.001102656137832017
,,,-9196.177688643278,0.003664461083488395,13.0,0.42000000000000004,4200.0,0.0011945441493180187
,,,-9219.716033403645,0.0036068121189089253,14.0,0.42000000000000004,4200.0,0.0012663316582914572
,,,-9199.329657863476,0.0035546375507992632,15.0,0.42000000000000004,4200.0,0.0013567839195979896
,,,-9215.227986130143,0.00350152233180276,16.0,0.42000000000000004,4200.0,0.0014242641780330225
,,,-9178.780362433718,0.0034560790504377715,17.0,0.42000000000000004,4200.0,0.001513280689160086
,,,-9151.180633061886,0.0034130712780361273,18.0,0.42000000000000004,4200.0,0.0015764536970567123
,,,-9154.844268627181,0.003364522310352373,19.0,0.42000000000000004,4200.0,0.0016640344580043072
,,,-9093.422071318164,0.00332511390345542,20.0,0.42000000000000004,4200.0,0.0017229002153625274
,,,-9079.817350481957,0.0032856925159963353,21.0,0.42000000000000004,4200.0,0.0018090452261306533
,,,-9057.320569926735,0.003229520872626209,22.0,0.42000000000000004,4150.0,0.0018636037329504665
,,,-9017.397426760996,0.003193812645305336,23.0,0.42000000000000004,4150.0,0.001948312993539124
,,,-8947.611617840972,0.003161288565722327,24.0,0.42000000000000004,4150.0,0.001998564249820531
,,,-8900.87186968579,0.0031318524480340036,25.0,0.42000000000000004,4150.0,0.00208183776022972
,,,-8904.597954552599,0.0030939532231554,26.0,0.42000000000000004,4150.0,0.002165111270638909
,,,-8839.090222129598,0.003066215707202559,27.0,0.42000000000000004,4150.0,0.002209619526202441
,,,-8782.567209537403,0.0030363961826060885,28.0,0.42000000000000004,4150.0,0.002291457286432161
,,,-8718.627120565405,0.0030066342496608296,29.0,0.42000000000000004,4150.0,0.0023732950466618815
,,,-8705.338147435825,0.0029794082916217574,30.0,0.42000000000000004,4150.0,0.0024120603015075374
0.0,0.0,0.0,-2.628212131370674,0.005037581304952693,0.0,0.46,4300.0,0.0
,,,-2970.425937304368,0.0047092436310813115,1.0,0.46,4300.0,0.00010337401292175163
,,,-4778.800674651931,0.004506598932966784,2.0,0.46,4300.0,0.0002038765254845657
,,,-5964.058852435395,0.004349045504959899,3.0,0.46,4300.0,0.00030150753768844223
,,,-6775.105020630675,0.004195460042493145,4.0,0.46,4250.0,0.00040201005025125634
,,,-7353.117806241542,0.00408439851058241,5.0,0.46,4250.0,0.0004953338119167266
,,,-7770.6079698745525,0.0039874153778898845,6.0,0.46,4250.0,0.0005857860732232591
,,,-8077.982689019329,0.00390025198231321,7.0,0.46,4250.0,0.0006733668341708544
,,,-8307.389431990872,0.0038204124507097304,8.0,0.46,4250.0,0.0007695620961952622
,,,-8464.976650669225,0.003749509123385154,9.0,0.46,4250.0,0.0008528356066044509
,,,-8599.80872893946,0.003681093990968546,10.0,0.46,4250.0,0.0009332376166547023
,,,-8698.326515395143,0.003599896238999366,11.0,0.46,4200.0,0.0010265613783201723
,,,-8751.746525286631,0.0035436855955122163,12.0,0.46,4200.0,0.001102656137832017
,,,-8805.615811736126,0.0034886274460203498,13.0,0.46,4200.0,0.0011945441493180187
,,,-8843.658012909465,0.003437261646036104,14.0,0.46,4200.0,0.0012663316582914572
,,,-8837.935006017891,0.003390648871186229,15.0,0.46,4200.0,0.0013567839195979896
,,,-8867.967921267926,0.00334318291398221,16.0,0.46,4200.0,0.0014242641780330225
,,,-8845.566644667371,0.00330247003203616,17.0,0.46,4200.0,0.001513280689160086
,,,-8832.903115906942,0.0032639322847162074,18.0,0.46,4200.0,0.0015764536970567123
,,,-8848.088534562055,0.0032203186493930886,19.0,0.46,4200.0,0.0016640344580043072
,,,-8802.530839032166,0.0031849340658487947,20.0,0.46,4200.0,0.0017229002153625274
,,,-8802.359074568638,0.0031494301785738067,21.0,0.46,4200.0,0.0018090452261306533
,,,-8793.265083842736,0.003112637528585689,22.0,0.46,4200.0,0.0018636037329504665
,,,-8764.232034781118,0.003080681652510353,23.0,0.46,4200.0,0.001948312993539124
,,,-8708.806654618464,0.0030508914201818472,24.0,0.46,4200.0,0.001998564249820531
,,,-8675.121379316588,0.0030093234062256403,25.0,0.46,4150.0,0.00208183776022972
,,,-8690.513350254325,0.0029750383400391845,26.0,0.46,4150.0,0.002165111270638909
,,,-8634.08530075103,0.0029498996816223954,27.0,0.46,4150.0,0.002209619526202441
,,,-8591.12901435788,0.0029229016071106407,28.0,0.46,4150.0,0.002291457286432161
,,,-8540.308873851754,0.0028958578041126414,29.0,0.46,4150.0,0.0023732950466618815
,,,-8537.289613388115,0.0028711617338869904,30.0,0.46,4150.0,0.0024120603015075374
0.0,0.0,0.0,-2.628212131370674,0.004642534253806646,0.0,0.5,4300.0,0.0
,,,-2752.653677438844,0.004363691456203977,1.0,0.5,4300.0,0.00010337401292175163
,,,-4443.941353199043,0.004190510768644899,2.0,0.5,4300.0,0.0002038765254845657
,,,-5562.541244348031,0.004055253865513966,3.0,0.5,4300.0,0.00030150753768844223
,,,-6335.395767413778,0.003920797520045302,4.0,0.5,4250.0,0.00040201005025125634
,,,-6892.651718341251,0.003824798382270685,5.0,0.5,4250.0,0.0004953338119167266
,,,-7300.41735980456,0.0037407208003291254,6.0,0.5,4250.0,0.0005857860732232591
,,,-7605.2405202987575,0.0036649582242058634,7.0,0.5,4250.0,0.0006733668341708544
,,,-7837.371027866648,0.003595395618612238,8.0,0.5,4250.0,0.0007695620961952622
,,,-8001.526729634519,0.003533475462577434,9.0,0.5,4250.0,0.0008528356066044509
,,,-8144.324950380862,0.0034736114024817117,10.0,0.5,4250.0,0.0009332376166547023
,,,-8252.642165103782,0.0034192669053976594,11.0,0.5,4250.0,0.0010265613783201723
,,,-8317.94667016714,0.003351362114573383,12.0,0.5,4200.0,0.001102656137832017
,,,-8383.199138645032,0.0033029146066072246,13.0,0.5,4200.0,0.0011945441493180187
,,,-8434.093281794267,0.003257664362817787,14.0,0.5,4200.0,0.0012663316582914572
,,,-8441.736890138913,0.003216494547503129,15.0,0.5,4200.0,0.0013567839195979896
,,,-8484.440080947868,0.0031745550381408745,16.0,0.5,4200.0,0.0014242641780330225
,,,-8475.036672786911,0.0031384927842384924,17.0,0.5,4200.0,0.001513280689160086
,,,-8476.118795350703,0.0031043505959793783,18.0,0.5,4200.0,0.0015764536970567123
,,,-8501.838036858011,0.0030656125549419666,19.0,0.5,4200.0,0.0016640344580043072
,,,-8471.143980587338,0.003034201213794734,20.0,0.5,4200.0,0.0017229002153625274
,,,-8483.387697567516,0.0030025833864798525,21.0,0.5,4200.0,0.0018090452261306533
,,,-8486.912095072643,0.002969821936800268,22.0,0.5,4200.0,0.0018636037329504665
,,,-8468.321375068168,0.0029413073547182728,23.0,0.5,4200.0,0.001948312993539124
,,,-8426.72425645285,0.00291471822592045,24.0,0.5,4200.0,0.001998564249820531
,,,-8405.430129954075,0.0028904956973256363,25.0,0.5,4200.0,0.00208183776022972
,,,-8431.523998690049,0.002859429862432115,26.0,0.5,4200.0,0.002165111270638909
,,,-8383.870536263174,0.002837280380120443,27.0,0.5,4200.0,0.002209619526202441
,,,-8353.689474151914,0.002812763223297807,28.0,0.5,4200.0,0.002291457286432161
,,,-8315.437137035515,0.00277456039866124,29.0,0.5,4150.0,0.0023732950466618815
,,,-8322.070261549277,0.0027524062346081526,30.0,0.5,4150.0,0.0024120603015075374
0.0,0.0,0.0,-2.628212131370674,0.004251273459585516,0.0,0.54,4300.0,0.0
,,,-2534.4565533027635,0.004017473907778148,1.0,0.54,4300.0,0.00010337401292175163
,,,-4105.805517814872,0.003871375210449856,2.0,0.54,4300.0,0.0002038765254845657
,,,-5154.327040756587,0.0037567617750910217,3.0,0.54,4300.0,0.00030150753768844223
,,,-5885.617335869654,0.003662099753000158,4.0,0.54,4300.0,0.00040201005025125634
,,,-6418.718476645037,0.003558394764411596,5.0,0.54,4250.0,0.0004953338119167266
,,,-6813.658730871299,0.0034864592853630165,6.0,0.54,4250.0,0.0005857860732232591
,,,-7113.054549096705,0.003421470471230305,7.0,0.54,4250.0,0.0006733668341708544
,,,-7345.1960832979385,0.003361657480595358,8.0,0.54,4250.0,0.0007695620961952622
,,,-7513.483036971564,0.0033082936835776384,9.0,0.54,4250.0,0.0008528356066044509
,,,-7661.905138845505,0.0032566018419850824,10.0,0.54,4250.0,0.0009332376166547023
,,,-7777.639446878049,0.0032095754493564428,11.0,0.54,4250.0,0.0010265613783201723
,,,-7853.43249474567,0.0031663186860733956,12.0,0.54,4250.0,0.001102656137832017
,,,-7928.029198350814,0.0031240025272141936,13.0,0.54,4250.0,0.0011945441493180187
,,,-7989.780507546682,0.0030676156660412544,14.0,0.54,4200.0,0.0012663316582914572
,,,-8009.35010609794,0.003031733580799879,15.0,0.54,4200.0,0.0013567839195979896
,,,-8063.08239506949,0.002995163811773721,16.0,0.54,4200.0,0.0014242641780330225
,,,-8065.478036012348,0.0029636430439363586,17.0,0.54,4200.0,0.001513280689160086
,,,-8078.970418304751,0.002933790568306158,18.0,0.54,4200.0,0.0015764536970567123
,,,-8114.071881622818,0.0028998354244119933,19.0,0.54,4200.0,0.0016640344580043072
,,,-8097.099232730485,0.0028723183338160785,20.0,0.54,4200.0,0.0017229002153625274
,,,-8120.570659618832,0.0028445289511163474,21.0,0.54,4200.0,0.0018090452261306533
,,,-8135.607484941473,0.0028157393550157284,22.0,0.54,4200.0,0.0018636037329504665
,,,-8126.708950181026,0.0027906307636319876,23.0,0.54,4200.0,0.001948312993539124
,,,-8098.139757883677,0.00276720773062212,24.0,0.54,4200.0,0.001998564249820531
,,,-8088.451489248728,0.0027458056008856186,25.0,0.54,4200.0,0.00208183776022972
,,,-8124.3884967786435,0.0027183682104646857,26.0,0.54,4200.0,0.002165111270638909
,,,-8085.343787037615,0.0026987809421460357,27.0,0.54,4200.0,0.002209619526202441
,,,-8067.296343558919,0.002677107844809046,28.0,0.54,4200.0,0.002291457286432161
,,,-8041.152782569479,0.0026552443431510477,29.0,0.54,4200.0,0.0023732950466618815
,,,-8056.555663131709,0.002635342710115107,30.0,0.54,4200.0,0.0024120603015075374
0.0,0.0,0.0,-2.628212131370674,0.0038637184734260917,0.0,0.5800000000000001,4300.0,0.0
,,,-2315.8586338378664,0.003670629866015611,1.0,0.5800000000000001,4300.0,0.00010337401292175163
,,,-3764.45410475925,0.003549246242665243,2.0,0.5800000000000001,4300.0,0.0002038765254845657
,,,-4739.479357285054,0.0034536062240034223,3.0,0.5800000000000001,4300.0,0.00030150753768844223
,,,-5425.864728346482,0.0033743225810133892,4.0,0.5800000000000001,4300.0,0.00040201005025125634
,,,-5931.284406598643,0.0032851564925020353,5.0,0.5800000000000001,4250.0,0.0004953338119167266
,,,-6310.213130085256,0.0032245570649474843,6.0,0.5800000000000001,4250.0,0.0005857860732232591
,,,-6601.203147355416,0.0031696704464665927,7.0,0.5800000000000001,4250.0,0.0006733668341708544
,,,-6830.522245134445,0.0031190346801602087,8.0,0.5800000000000001,4250.0,0.0007695620961952622
,,,-7000.37353282157,0.0030737564551971738,9.0,0.5800000000000001,4250.0,0.0008528356066044509
,,,-7151.938199798562,0.0030298125161098556,10.0,0.5800000000000001,4250.0,0.0009332376166547023
,,,-7272.80082281417,0.0029897495753877833,11.0,0.5800000000000001,4250.0,0.0010265613783201723
,,,-7356.934198207935,0.00295283947163661,12.0,0.5800000000000001,4250.0,0.001102656137832017
,,,-7439.093575767147,0.0029166567996545796,13.0,0.5800000000000001,4250.0,0.0011945441493180187
,,,-7509.895792160365,0.00288246595624197,14.0,0.5800000000000001,4250.0,0.0012663316582914572
,,,-7539.639217214353,0.0028515584065116743,15.0,0.5800000000000001,4250.0,0.0013567839195979896
,,,-7602.414656265872,0.0028196953354361607,16.0,0.5800000000000001,4250.0,0.0014242641780330225
,,,-7615.172693161265,0.0027774021733718516,17.0,0.5800000000000001,4200.0,0.001513280689160086
,,,-7639.56424218171,0.002751703795832639,18.0,0.5800000000000001,4200.0,0.0015764536970567123
,,,-7682.7181356213405,0.0027224039911544805,19.0,0.5800000000000001,4200.0,0.0016640344580043072
,,,-7678.183421788439,0.0026986695052496684,20.0,0.5800000000000001,4200.0,0.0017229002153625274
,,,-7711.507842536499,0.0026746222376661972,21.0,0.5800000000000001,4200.0,0.0018090452261306533
,,,-7736.763812215315,0.0026497153979881797,22.0,0.5800000000000001,4200.0,0.0018636037329504665
,,,-7736.6941502220725,0.0026279472209368364,23.0,0.5800000000000001,4200.0,0.001948312993539124
,,,-7720.178546997362,0.0026076310982535815,24.0,0.5800000000000001,4200.0,0.001998564249820531
,,,-7721.090801513055,0.002589012013967058,25.0,0.5800000000000001,4200.0,0.00208183776022972
,,,-7765.6606877160375,0.0025651538626917285,26.0,0.5800000000000001,4200.0,0.002165111270638909
,,,-7734.842795703065,0.002548099771807386,27.0,0.5800000000000001,4200.0,0.002209619526202441
,,,-7727.985872058278,0.002529232855299098,28.0,0.5800000000000001,4200.0,0.002291457286432161
,,,-7713.190247425315,0.0025101343602021886,29.0,0.5800000000000001,4200.0,0.0023732950466618815
,,,-7736.554638836002,0.0024927772826883075,30.0,0.5800000000000001,4200.0,0.0024120603015075374
0.0,0.0,0.0,-2.628212131370674,0.0034797915478382607,0.0,0.62,4300.0,0.0
,,,-2096.883266020275,0.0033231973547336873,1.0,0.62,4300.0,0.00010337401292175163
,,,-3419.9478689201496,0.0032241782810816825,2.0,0.62,4300.0,0.0002038765254845657
,,,-4318.063989281101,0.003145826243585671,3.0,0.62,4300.0,0.00030150753768844223
,,,-4956.0410325590565,0.0030806382087116306,4.0,0.62,4300.0,0.00040201005025125634
,,,-5430.4920997216395,0.003023237959659172,5.0,0.62,4300.0,0.0004953338119167266
,,,-5789.972947971444,0.002954946177413677,6.0,0.62,4250.0,0.0005857860732232591
,,,-6069.481340048427,0.002909445538268116,7.0,0.62,4250.0,0.0006733668341708544
,,,-6293.021111117654,0.002867369780510264,8.0,0.62,4250.0,0.0007695620961952622
,,,-6461.739631919263,0.0028296618926081864,9.0,0.62,4250.0,0.0008528356066044509
,,,-6613.824092917152,0.0027929954182048635,10.0,0.62,4250.0,0.0009332376166547023
,,,-6737.382157290063,0.002759496379929897,11.0,0.62,4250.0,0.0010265613783201723
,,,-6827.523711326008,0.0027285852355723116,12.0,0.62,4250.0,0.001102656137832017
,,,-6915.0974320795285,0.002698218963748989,13.0,0.62,4250.0,0.0011945441493180187
,,,-6992.783685882605,0.0026694901691047762,14.0,0.62,4250.0,0.0012663316582914572
,,,-7031.13636665848,0.00264345427027315,15.0,0.62,4250.0,0.0013567839195979896
,,,-7101.113031960558,0.0026166012848494423,16.0,0.62,4250.0,0.0014242641780330225
,,,-7122.81664327209,0.002593662436651564,17.0,0.62,4250.0,0.001513280689160086
,,,-7156.283841469223,0.002571597564773651,18.0,0.62,4250.0,0.0015764536970567123
,,,-7205.858624859917,0.0025468061972558154,19.0,0.62,4250.0,0.0016640344580043072
,,,-7212.173162562431,0.002526392137160795,20.0,0.62,4250.0,0.0017229002153625274
,,,-7253.7404574567045,0.0024921987934269215,21.0,0.62,4200.0,0.0018090452261306533
,,,-7287.728224297549,0.0024710516868357494,22.0,0.62,4200.0,0.0018636037329504665
,,,-7295.493701205036,0.002452526177622876,23.0,0.62,4200.0,0.001948312993539124
,,,-7289.872765249405,0.0024352306424253946,24.0,0.62,4200.0,0.001998564249820531
,,,-7300.1926320174025,0.0024193337295261904,25.0,0.62,4200.0,0.00208183776022972
,,,-7351.992216259605,0.0023989702383999706,26.0,0.62,4200.0,0.002165111270638909
,,,-7328.910560874443,0.0023843948052018624,27.0,0.62,4200.0,0.002209619526202441
,,,-7332.117708435369,0.0023682718155232764,28.0,0.62,4200.0,0.002291457286432161
,,,-7327.71480874074,0.0023518962860053167,29.0,0.62,4200.0,0.0023732950466618815
,,,-7357.932720293087,0.0023370396898140353,30.0,0.62,4200.0,0.0024120603015075374
0.0,0.0,0.0,-2.628212131370674,0.0030994174986891014,0.0,0.66,4300.0,0.0
,,,-1877.55337450355,0.002975213463632367,1.0,0.66,4300.0,0.00010337401292175163
,,,-3072.34796705981,0.0028962259284334023,2.0,0.66,4300.0,0.0002038765254845657
,,,-3890.1492760639303,0.002833463035795983,3.0,0.66,4300.0,0.00030150753768844223
,,,-4476.187543158965,0.002781059210668177,4.0,0.66,4300.0,0.00040201005025125634
,,,-4916.236302883917,0.002734777314657688,5.0,0.66,4300.0,0.0004953338119167266
,,,-5252.99668503453,0.002693837620025797,6.0,0.66,4300.0,0.0005857860732232591
,,,-5517.696922994655,0.002640689958529107,7.0,0.66,4250.0,0.0006733668341708544
,,,-5732.381751733577,0.002606511687143237,8.0,0.66,4250.0,0.0007695620961952622
,,,-5897.14109179825,0.0025758140755564153,9.0,0.66,4250.0,0.0008528356066044509
,,,-6046.980735578785,0.002545907821903168,10.0,0.66,4250.0,0.0009332376166547023
,,,-6170.6550196052485,0.0025185274013762855,11.0,0.66,4250.0,0.0010265613783201723
,,,-6264.311611055309,0.0024932233629732423,12.0,0.66,4250.0,0.001102656137832017
,,,-6354.981958126402,0.0024683118859352617,13.0,0.66,4250.0,0.0011945441493180187
,,,-6437.208461355767,0.002444716711433039,14.0,0.66,4250.0,0.0012663316582914572
,,,-6482.248996839815,0.002423278680894347,15.0,0.66,4250.0,0.0013567839195979896
,,,-6557.229527642281,0.0024011583956600273,16.0,0.66,4250.0,0.0014242641780330225
,,,-6586.273921043394,0.002382215261407605,17.0,0.66,4250.0,0.001513280689160086
,,,-6627.084832927285,0.0023639882460055267,18.0,0.66,4250.0,0.0015764536970567123
,,,-6681.568425572303,0.0023434599974684555,19.0,0.66,4250.0,0.0016640344580043072
,,,-6697.222001019654,0.002326560176941999,20.0,0.66,4250.0,0.0017229002153625274
,,,-6745.234677079468,0.0023093348254459405,21.0,0.66,4250.0,0.0018090452261306533
,,,-6784.698188575916,0.002291699811517936,22.0,0.66,4250.0,0.0018636037329504665
,,,-6800.511891503382,0.0022762208443143704,23.0,0.66,4250.0,0.001948312993539124
,,,-6804.330392212665,0.0022615970814269244,24.0,0.66,4250.0,0.001998564249820531
,,,-6822.605201945669,0.0022481046442373105,25.0,0.66,4250.0,0.00208183776022972
,,,-6879.936670690993,0.0022189643244538045,26.0,0.66,4200.0,0.002165111270638909
,,,-6863.961420313353,0.002206787868734746,27.0,0.66,4200.0,0.002209619526202441
,,,-6875.911185331774,0.002193318547142189,28.0,0.66,4200.0,0.002291457286432161
,,,-6880.726768135217,0.002179595372756482,29.0,0.66,4200.0,0.0023732950466618815
,,,-6916.544644680907,0.002167163752254794,30.0,0.66,4200.0,0.0024120603015075374
0.0,0.0,0.0,-2.628212131370674,0.0027225236193639496,0.0,0.7000000000000001,4300.0,0.0
,,,-1657.8911631492374,0.0026267145069310866,1.0,0.7000000000000001,4300.0,0.00010337401292175163
,,,-2721.715508726964,0.002565444131920698,2.0,0.7000000000000001,4300.0,0.0002038765254845657
,,,-3455.8060295825635,0.0025165599507625002,3.0,0.7000000000000001,4300.0,0.00030150753768844223
,,,-3986.352263009845,0.00247560185167813,4.0,0.7000000000000001,4300.0,0.00040201005025125634
,,,-4388.441063363651,0.002439321791725617,5.0,0.7000000000000001,4300.0,0.0004953338119167266
,,,-4699.1708412510125,0.002407141296318084,6.0,0.7000000000000001,4300.0,0.0005857860732232591
,,,-4945.893893827531,0.0023778321356956525,7.0,0.7000000000000001,4300.0,0.0006733668341708544
,,,-5148.343880416025,0.002350523693477992,8.0,0.7000000000000001,4300.0,0.0007695620961952622
,,,-5306.156759559919,0.0023120242760162777,9.0,0.7000000000000001,4250.0,0.0008528356066044509
,,,-5450.8475642948615,0.0022883133823759696,10.0,0.7000000000000001,4250.0,0.0009332376166547023
,,,-5571.909315921192,0.0022665598820756296,11.0,0.7000000000000001,4250.0,0.0010265613783201723
,,,-5666.427967146556,0.0022464256008897614,12.0,0.7000000000000001,4250.0,0.001102656137832017
,,,-5757.703907190873,0.0022265614147321438,13.0,0.7000000000000001,4250.0,0.0011945441493180187
,,,-5841.948419383378,0.0022077250095316665,14.0,0.7000000000000001,4250.0,0.0012663316582914572
,,,-5891.577132879094,0.002190568324562237,15.0,0.7000000000000001,4250.0,0.0013567839195979896
,,,-5969.175449903429,0.002172856484038325,16.0,0.7000000000000001,4250.0,0.0014242641780330225
,,,-6003.7287171112985,0.0021576515425315614,17.0,0.7000000000000001,4250.0,0.001513280689160086
,,,-6049.836881628726,0.0021430165570638215,18.0,0.7000000000000001,4250.0,0.0015764536970567123
,,,-6107.353261058008,0.002126494788143847,19.0,0.7000000000000001,4250.0,0.0016640344580043072
,,,-6130.496214309023,0.0021128970253799714,20.0,0.7000000000000001,4250.0,0.0017229002153625274
,,,-6183.073451895543,0.0020989932774002702,21.0,0.7000000000000001,4250.0,0.0018090452261306533
,,,-6225.741723608749,0.0020847627868181328,22.0,0.7000000000000001,4250.0,0.0018636037329504665
,,,-6248.894509692931,0.002072242600121105,23.0,0.7000000000000001,4250.0,0.001948312993539124
,,,-6260.716227855206,0.002060412532409238,24.0,0.7000000000000001,4250.0,0.001998564249820531
,,,-6285.503332032815,0.0020494622670100145,25.0,0.7000000000000001,4250.0,0.00208183776022972
,,,-6343.890196163324,0.002035647349536443,26.0,0.7000000000000001,4250.0,0.002165111270638909
,,,-6336.828112357689,0.002025756004058744,27.0,0.7000000000000001,4250.0,0.002209619526202441
,,,-6355.89648554007,0.0020146466978354623,28.0,0.7000000000000001,4250.0,0.002291457286432161
,,,-6368.479000907821,0.002003293942855672,29.0,0.7000000000000001,4250.0,0.0023732950466618815
,,,-6408.348748675955,0.001993023133141376,30.0,0.7000000000000001,4250.0,0.0024120603015075374
0.0,0.0,0.0,-2.628212131370674,0.0023490395588871915,0.0,0.74,4300.0,0.0
,,,-1437.9184238466696,0.002277735892986473,1.0,0.74,4300.0,0.00010337401292175163
,,,-2368.111676850007,0.0022318880865314504,2.0,0.74,4300.0,0.0002038765254845657
,,,-3015.1075975413187,0.002195162433912281,3.0,0.74,4300.0,0.00030150753768844223
,,,-3486.5898106505047,0.0021642863113551687,4.0,0.74,4300.0,0.00040201005025125634
,,,-3847.111570658657,0.0021368575856092645,5.0,0.74,4300.0,0.0004953338119167266
,,,-4128.313927215844,0.0021124626358860637,6.0,0.74,4300.0,0.0005857860732232591
,,,-4353.776119851711,0.0020901906887142376,7.0,0.74,4300.0,0.0006733668341708544
,,,-4540.898434009912,0.002069391732682739,8.0,0.74,4300.0,0.0007695620961952622
,,,-4688.600520246793,0.0020506450792714412,9.0,0.74,4300.0,0.0008528356066044509
,,,-4824.949235470485,0.0020323367630173342,10.0,0.74,4300.0,0.0009332376166547023
,,,-4940.461610077946,0.002003317817577587,11.0,0.74,4250.0,0.0010265613783201723
,,,-5033.023080564475,0.001987870009217498,12.0,0.74,4250.0,0.001102656137832017
,,,-5122.2470995852345,0.001972597502132427,13.0,0.74,4250.0,0.0011945441493180187
,,,-5205.799349669578,0.001958097803695186,14.0,0.74,4250.0,0.0012663316582914572
,,,-5257.754840700822,0.0019448592219368913,15.0,0.74,4250.0,0.0013567839195979896
,,,-5335.370267182756,0.001931184866812893,16.0,0.74,4250.0,0.0014242641780330225
,,,-5373.427963307491,0.0019194180249079134,17.0,0.74,4250.0,0.001513280689160086
,,,-5422.591187125348,0.0019080873403471562,18.0,0.74,4250.0,0.0015764536970567123
,,,-5481.065732251343,0.0018952664232538242,19.0,0.74,4250.0,0.0016640344580043072
,,,-5509.663853209277,0.0018847178010147952,20.0,0.74,4250.0,0.0017229002153625274
,,,-5564.611869075859,0.0018738967033791458,21.0,0.74,4250.0,0.0018090452261306533
,,,-5608.796714213706,0.0018628249156125215,22.0,0.74,4250.0,0.0018636037329504665
,,,-5637.341065298533,0.0018530615313395024,23.0,0.74,4250.0,0.001948312993539124
,,,-5655.432294875674,0.0018438335821332561,24.0,0.74,4250.0,0.001998564249820531
,,,-5684.948968942706,0.00183526454607008,25.0,0.74,4250.0,0.00208183776022972
,,,-5742.65894158755,0.0018244578278344375,26.0,0.74,4250.0,0.002165111270638909
,,,-5743.321319422124,0.0018167134947969304,27.0,0.74,4250.0,0.002209619526202441
,,,-5767.88759855042,0.001808011150162158,28.0,0.74,4250.0,0.002291457286432161
,,,-5786.704638435331,0.0017990904870250383,29.0,0.74,4250.0,0.0023732950466618815
,,,-5829.023756097027,0.001791032214839886,30.0,0.74,4250.0,0.0024120603015075374
0.0,0.0,0.0,-2.628212131370674,0.0019788972108314555,0.0,0.78,4300.0,0.0
,,,-1217.656436880221,0.0019283122214118628,1.0,0.78,4300.0,0.00010337401292175163
,,,-2011.597539982482,0.0018956132662706982,2.0,0.78,4300.0,0.0002038765254845657
,,,-2568.1303517161723,0.0018693179270451853,3.0,0.78,4300.0,0.00030150753768844223
,,,-2976.960238847707,0.0018471368669298483,4.0,0.78,4300.0,0.00040201005025125634
,,,-3292.2635624377217,0.0018273765337706535,5.0,0.78,4300.0,0.0004953338119167266
,,,-3540.37380006045,0.001809755334582347,6.0,0.78,4300.0,0.0005857860732232591
,,,-3741.1260296783585,0.0017936296396626826,7.0,0.78,4300.0,0.0006733668341708544
,,,-3909.509545419867,0.001778536331858488,8.0,0.78,4300.0,0.0007695620961952622
,,,-4044.04560473116,0.001764903785471012,9.0,0.78,4300.0,0.0008528356066044509
,,,-4169.033868473176,0.0017515656553624783,10.0,0.78,4300.0,0.0009332376166547023
,,,-4275.979731169646,0.0017392895317522366,11.0,0.78,4300.0,0.0010265613783201723
,,,-4363.496311977753,0.001727803859824056,12.0,0.78,4300.0,0.001102656137832017
,,,-4447.746913048817,0.0017165362325083468,13.0,0.78,4300.0,0.0011945441493180187
,,,-4527.575835554715,0.0017057852124113609,14.0,0.78,4300.0,0.0012663316582914572
,,,-4579.435108060337,0.0016856915716641132,15.0,0.78,4250.0,0.0013567839195979896
,,,-4654.257444179173,0.0016756344892435108,16.0,0.78,4250.0,0.0014242641780330225
,,,-4693.650193580099,0.0016669598597976753,17.0,0.78,4250.0,0.001513280689160086
,,,-4743.412984634546,0.0016586030684052403,18.0,0.78,4250.0,0.0015764536970567123
,,,-4800.56038862656,0.0016491262904207724,19.0,0.78,4250.0,0.0016640344580043072
,,,-4832.3877914075565,0.0016413303885250625,20.0,0.78,4250.0,0.0017229002153625274
,,,-4887.272161791014,0.0016333076356525114,21.0,0.78,4250.0,0.0018090452261306533
,,,-4931.091353913558,0.0016251027173790952,22.0,0.78,4250.0,0.0018636037329504665
,,,-4962.881572668164,0.001617849400105731,23.0,0.78,4250.0,0.001948312993539124
,,,-4985.264207715969,0.0016109925677930256,24.0,0.78,4250.0,0.001998564249820531
,,,-5017.49811155309,0.001604604750090397,25.0,0.78,4250.0,0.00208183776022972
,,,-5072.731718705443,0.0015965525625208097,26.0,0.78,4250.0,0.002165111270638909
,,,-5079.471211017262,0.0015907766916258203,27.0,0.78,4250.0,0.002209619526202441
,,,-5107.552764591797,0.001584282174599631,28.0,0.78,4250.0,0.002291457286432161
,,,-5130.711509917433,0.0015776048792344763,29.0,0.78,4250.0,0.0023732950466618815
,,,-5173.559106719986,0.0015715823304777948,30.0,0.78,4250.0,0.0024120603015075374
0.0,0.0,0.0,-2.628212131370674,0.0016120306148586358,0.0,0.8200000000000001,4300.0,0.0
,,,-997.1259028096538,0.0015784773254259243,1.0,0.8200000000000001,4300.0,0.00010337401292175163
,,,-1652.2344848194334,0.0015566753157163769,2.0,0.8200000000000001,4300.0,0.0002038765254845657
,,,-2114.953029545315,0.0015390760053781774,3.0,0.8200000000000001,4300.0,0.00030150753768844223
,,,-2457.5299360667195,0.0015241817957456377,4.0,0.8200000000000001,4300.0,0.00040201005025125634
,,,-2723.9236845587657,0.0015108762605440234,5.0,0.8200000000000001,4300.0,0.0004953338119167266
,,,-2935.313927687508,0.0014989803790763285,6.0,0.8200000000000001,4300.0,0.0005857860732232591
,,,-3107.8280148862978,0.001488068893685034,7.0,0.8200000000000001,4300.0,0.0006733668341708544
,,,-3253.954218584535,0.0014778331711644214,8.0,0.8200000000000001,4300.0,0.0007695620961952622
,,,-3372.005756528022,0.0014685690946694614,9.0,0.8200000000000001,4300.0,0.0008528356066044509
,,,-3482.3177732320546,0.0014594887805438666,10.0,0.8200000000000001,4300.0,0.0009332376166547023
,,,-3577.5984986068215,0.0014511142496395457,11.0,0.8200000000000001,4300.0,0.0010265613783201723
,,,-3657.04849567989,0.0014432671811920614,12.0,0.8200000000000001,4300.0,0.001102656137832017
,,,-3733.466684358704,0.001435553714520324,13.0,0.8200000000000001,4300.0,0.0011945441493180187
,,,-3805.987430920228,0.0014281854696450603,14.0,0.8200000000000001,4300.0,0.0012663316582914572
,,,-3855.7033210473965,0.001421425283300924,15.0,0.8200000000000001,4300.0,0.0013567839195979896
,,,-3924.6348416997353,0.0014144002430277844,16.0,0.8200000000000001,4300.0,0.0014242641780330225
,,,-3962.9487068656454,0.001408409677725539,17.0,0.8200000000000001,4300.0,0.001513280689160086
,,,-4010.582923956259,0.0014025499530556105,18.0,0.8200000000000001,4300.0,0.0015764536970567123
,,,-4063.85435193593,0.0013960031903440511,19.0,0.8200000000000001,4300.0,0.0016640344580043072
,,,-4096.395119633715,0.0013905270590879465,20.0,0.8200000000000001,4300.0,0.0017229002153625274
,,,-4148.484716292303,0.0013764823549496192,21.0,0.8200000000000001,4250.0,0.0018090452261306533
,,,-4189.885052004356,0.0013708018601641698,22.0,0.8200000000000001,4250.0,0.0018636037329504665
,,,-4222.5200879154,0.0013657671132849963,23.0,0.8200000000000001,4250.0,0.001948312993539124
,,,-4246.983957795914,0.0013610070467365465,24.0,0.8200000000000001,4250.0,0.001998564249820531
,,,-4279.674002209642,0.001356558771878899,25.0,0.8200000000000001,4250.0,0.00208183776022972
,,,-4330.442267819388,0.001350953031113808,26.0,0.8200000000000001,4250.0,0.002165111270638909
,,,-4341.371941316625,0.0013469284018303928,27.0,0.8200000000000001,4250.0,0.002209619526202441
,,,-4370.729065630192,0.001342399648020758,28.0,0.8200000000000001,4250.0,0.002291457286432161
,,,-4396.053077946373,0.0013377302146415015,29.0,0.8200000000000001,4250.0,0.0023732950466618815
,,,-4437.256943764944,0.0013335257010279153,30.0,0.8200000000000001,4250.0,0.0024120603015075374
0.0,0.0,0.0,-2.628212131370674,0.0012483758633420172,0.0,0.86,4300.0,0.0
,,,-776.3471104110213,0.0012282642539746026,1.0,0.86,4300.0,0.00010337401292175163
,,,-1290.0838358449255,0.0012151301048181713,2.0,0.86,4300.0,0.0002038765254845657
,,,-1655.6566497279127,0.0012044882979937365,3.0,0.86,4300.0,0.00030150753768844223
,,,-1928.3717250753834,0.0011954533959942413,4.0,0.86,4300.0,0.00040201005025125634
,,,-2142.1293378609844,0.0011873603407957895,5.0,0.86,4300.0,0.0004953338119167266
,,,-2313.1144702388265,0.0011801063228877601,6.0,0.86,4300.0,0.0005857860732232591
,,,-2453.785410830409,0.001173437538960212,7.0,0.86,4300.0,0.0006733668341708544
,,,-2574.035560297045,0.001167168016707688,8.0,0.86,4300.0,0.0007695620961952622
,,,-2672.170565410328,0.0011614822466460013,9.0,0.86,4300.0,0.0008528356066044509
,,,-2764.3609406976393,0.0011558994288367657,10.0,0.86,4300.0,0.0009332376166547023
,,,-2844.666862254184,0.0011507400525076308,11.0,0.86,4300.0,0.0010265613783201723
,,,-2912.735146897612,0.0011458986447043429,12.0,0.86,4300.0,0.001102656137832017
,,,-2978.1731602425352,0.0011411300409846668,13.0,0.86,4300.0,0.0011945441493180187
,,,-3040.3630606652805,0.0011365699194163955,14.0,0.86,4300.0,0.0012663316582914572
,,,-3084.9710313914984,0.0011323758340778221,15.0,0.86,4300.0,0.0013567839195979896
,,,-3144.880716499538,0.0011280155809922357,16.0,0.86,4300.0,0.0014242641780330225
,,,-3179.669947598959,0.0011242882918327468,17.0,0.86,4300.0,0.001513280689160086
,,,-3222.388803196307,0.0011206411558503876,18.0,0.86,4300.0,0.0015764536970567123
,,,-3269.1898107352317,0.0011165575707094762,19.0,0.86,4300.0,0.0016640344580043072
,,,-3299.85557615968,0.0011131419402664934,20.0,0.86,4300.0,0.0017229002153625274
,,,-3346.281756861499,0.0011096060233417454,21.0,0.86,4300.0,0.0018090452261306533
,,,-3382.973832067808,0.0011060699013862498,22.0,0.86,4300.0,0.0018636037329504665
,,,-3413.758942805289,0.0011028589010105693,23.0,0.86,4300.0,0.001948312993539124
,,,-3437.80719096573,0.0010998229296749456,24.0,0.86,4300.0,0.001998564249820531
,,,-3468.419932375182,0.0010969743633733491,25.0,0.86,4300.0,0.00208183776022972
,,,-3512.4553310769625,0.0010934799791678228,26.0,0.86,4300.0,0.002165111270638909
,,,-3525.410961937676,0.0010909013881025954,27.0,0.86,4300.0,0.002209619526202441
,,,-3553.4921158894504,0.00108800129166496,28.0,0.86,4300.0,0.002291457286432161
,,,-3578.4693499853383,0.001085004266805112,29.0,0.86,4300.0,0.0023732950466618815
,,,-3615.5825475996826,0.0010823087709043932,30.0,0.86,4300.0,0.0024120603015075374
0.0,0.0,0.0,-2.628212131370674,0.0008878710103887825,0.0,0.9,4300.0,0.0
,,,-555.339776962006,0.0008777053031032142,1.0,0.9,4300.0,0.00010337401292175163
,,,-925.2069048823905,0.0008710336698869313,2.0,0.9,4300.0,0.0002038765254845657
,,,-1190.3249268591753,0.0008656084155567278,3.0,0.9,4300.0,0.00030150753768844223
,,,-1389.5648616910767,0.0008609880021377354,4.0,0.9,4300.0,0.00040201005025125634
,,,-1546.9305113501614,0.0008568383078516799,5.0,0.9,4300.0,0.0004953338119167266
,,,-1673.7721773864905,0.0008531095947367178,6.0,0.9,4300.0,0.0005857860732232591
,,,-1778.924544492198,0.0008496741165300339,7.0,0.9,4300.0,0.0006733668341708544
,,,-1869.585057660719,0.0008464373767715494,8.0,0.9,4300.0,0.0007695620961952622
,,,-1944.2641715192876,0.0008434962325318606,9.0,0.9,4300.0,0.0008528356066044509
,,,-2014.7635101955093,0.0008406033739334121,10.0,0.9,4300.0,0.0009332376166547023
,,,-2076.6483208437858,0.0008379245589897683,11.0,0.9,4300.0,0.0010265613783201723
,,,-2129.866517931885,0.0008354072936261607,12.0,0.9,4300.0,0.001102656137832017
,,,-2181.011317686607,0.0008329229229082447,13.0,0.9,4300.0,0.0011945441493180187
,,,-2229.685851018672,0.0008305446599129191,14.0,0.9,4300.0,0.0012663316582914572
,,,-2265.943262226683,0.0008283520014061451,15.0,0.9,4300.0,0.0013567839195979896
,,,-2313.3972253920365,0.0008260715328482041,16.0,0.9,4300.0,0.0014242641780330225
,,,-2341.947977177624,0.0008241173561989684,17.0,0.9,4300.0,0.001513280689160086
,,,-2376.6808065915757,0.0008222045985985705,18.0,0.9,4300.0,0.0015764536970567123
,,,-2414.1066770080797,0.0008200583229307724,19.0,0.9,4300.0,0.0016640344580043072
,,,-2440.0098286741777,0.0008182633098661338,20.0,0.9,4300.0,0.0017229002153625274
,,,-2477.6121968295192,0.0008163993198622877,21.0,0.9,4300.0,0.0018090452261306533
,,,-2507.2123953838527,0.0008145362998511867,22.0,0.9,4300.0,0.0018636037329504665
,,,-2533.30342420355,0.0008128399535664407,23.0,0.9,4300.0,0.001948312993539124
,,,-2554.304356924891,0.000811236261187239,24.0,0.9,4300.0,0.001998564249820531
,,,-2580.1304093675644,0.0008097265449500958,25.0,0.9,4300.0,0.00208183776022972
,,,-2615.046253280205,0.0008078752891368283,26.0,0.9,4300.0,0.002165111270638909
,,,-2627.714736437614,0.0008065080563994981,27.0,0.9,4300.0,0.002209619526202441
,,,-2651.78837986257,0.0008049689801736199,28.0,0.9,4300.0,0.002291457286432161
,,,-2673.706397714923,0.0008033742306228432,29.0,0.9,4300.0,0.0023732950466618815
,,,-2704.0864731337497,0.000801942164046603,30.0,0.9,4300.0,0.0024120603015075374
0.0,0.0,0.0,-2.628212131370674,0.0005304560012058945,0.0,0.9400000000000001,4300.0,0.0
,,,-334.12334856396774,0.0005268320178462753,1.0,0.9400000000000001,4300.0,0.00010337401292175163
,,,-557.6650504224381,0.000524442199914132,2.0,0.9400000000000001,4300.0,0.0002038765254845657
,,,-719.0438563321368,0.0005224919559094525,3.0,0.9400000000000001,4300.0,0.00030150753768844223
,,,-841.1950961256516,0.0005208259841919613,4.0,0.9400000000000001,4300.0,0.00040201005025125634
,,,-938.3881303882517,0.0005193258814088,5.0,0.9400000000000001,4300.0,0.0004953338119167266
,,,-1017.3018547184329,0.0005179747038866423,6.0,0.9400000000000001,4300.0,0.0005857860732232591
,,,-1083.1952852324466,0.0005167270870208691,7.0,0.9400000000000001,4300.0,0.0006733668341708544
,,,-1140.465604037745,0.000515549169632293,8.0,0.9400000000000001,4300.0,0.0007695620961952622
,,,-1188.0469866555795,0.0005144767870561118,9.0,0.9400000000000001,4300.0,0.0008528356066044509
,,,-1233.1692482041108,0.0005134202223597873,10.0,0.9400000000000001,4300.0,0.0009332376166547023
,,,-1273.056831413909,0.0005124398983422884,11.0,0.9400000000000001,4300.0,0.0010265613783201723
,,,-1307.803239618108,0.0005115174368917908,12.0,0.9400000000000001,4300.0,0.001102656137832017
,,,-1341.189494182996,0.0005106052460308239,13.0,0.9400000000000001,4300.0,0.0011945441493180187
,,,-1373.0052477004938,0.0005097310983313594,14.0,0.9400000000000001,4300.0,0.0012663316582914572
,,,-1397.4792807094927,0.0005089232693196084,15.0,0.9400000000000001,4300.0,0.0013567839195979896
,,,-1428.833227613679,0.0005080827397477188,16.0,0.9400000000000001,4300.0,0.0014242641780330225
,,,-1448.2604895752302,0.0005073607507464951,17.0,0.9400000000000001,4300.0,0.001513280689160086
,,,-1471.7228729974158,0.0005066538318883812,18.0,0.9400000000000001,4300.0,0.0015764536970567123
,,,-1496.6630277485528,0.0005058589317631756,19.0,0.9400000000000001,4300.0,0.0016640344580043072
,,,-1514.7054598022805,0.0005051942205553211,20.0,0.9400000000000001,4300.0,0.0017229002153625274
,,,-1540.046239166957,0.0005045018198468859,21.0,0.9400000000000001,4300.0,0.0018090452261306533
,,,-1559.92158080652,0.0005038101994540233,22.0,0.9400000000000001,4300.0,0.0018636037329504665
,,,-1578.1585931258742,0.0005031787723459732,23.0,0.9400000000000001,4300.0,0.001948312993539124
,,,-1593.1723508068098,0.0005025818824469316,24.0,0.9400000000000001,4300.0,0.001998564249820531
,,,-1611.1704071707936,0.0005020181001662549,25.0,0.9400000000000001,4300.0,0.00208183776022972
,,,-1634.2939247464965,0.0005013270517223921,26.0,0.9400000000000001,4300.0,0.002165111270638909
,,,-1644.0634638682386,0.000500816358289928,27.0,0.9400000000000001,4300.0,0.002209619526202441
,,,-1661.060932135515,0.0005002407987780807,28.0,0.9400000000000001,4300.0,0.002291457286432161
,,,-1676.8148599699634,0.0004996429124045345,29.0,0.9400000000000001,4300.0,0.0023732950466618815
,,,-1697.4934645387111,0.0004991068877390255,30.0,0.9400000000000001,4300.0,0.0024120603015075374
0.0,0.0,0.0,-2.628212131370674,0.00017607258700838655,0.0,0.98,4300.0,0.0
,,,-112.71659048824222,0.00017567524805768933,1.0,0.98,4300.0,0.00010337401292175163
,,,-187.5198165934562,0.00017541199817848872,2.0,0.98,4300.0,0.0002038765254845657
,,,-241.9018138415704,0.00017519643004648895,3.0,0.98,4300.0,0.00030150753768844223
,,,-283.35470889732824,0.0001750117381801156,4.0,0.98,4300.0,0.00040201005025125634
,,,-316.57465931298793,0.00017484501780723024,5.0,0.98,4300.0,0.0004953338119167266
,,,-343.73652497016883,0.00017469449547256156,6.0,0.98,4300.0,0.0005857860732232591
,,,-366.5727896028111,0.0001745552170169128,7.0,0.98,4300.0,0.0006733668341708544
,,,-386.5715542570979,0.0001744234500161925,8.0,0.98,4300.0,0.0007695620961952622
,,,-403.3205129234848,0.00017430326522205848,9.0,0.98,4300.0,0.0008528356066044509
,,,-419.2703126600536,0.0001741846579931784,10.0,0.98,4300.0,0.0009332376166547023
,,,-433.4612370618852,0.00017407439480690567,11.0,0.98,4300.0,0.0010265613783201723
,,,-445.9674642080354,0.00017397050366646538,12.0,0.98,4300.0,0.001102656137832017
,,,-457.98322347911017,0.00017386757181631356,13.0,0.98,4300.0,0.0011945441493180187
,,,-469.44722683572036,0.00017376883211891417,14.0,0.98,4300.0,0.0012663316582914572
,,,-478.51589611711097,0.00017367737280105393,15.0,0.98,4300.0,0.0013567839195979896
,,,-489.9243813952053,0.0001735821728606423,16.0,0.98,4300.0,0.0014242641780330225
,,,-497.17298872610263,0.00017350020622568566,17.0,0.98,4300.0,0.001513280689160086
,,,-505.8747168365662,0.00017341992446133204,18.0,0.98,4300.0,0.0015764536970567123
,,,-515.020446835857,0.00017332946716188964,19.0,0.98,4300.0,0.0016640344580043072
,,,-521.8837149492174,0.00017325383309026269,20.0,0.98,4300.0,0.0017229002153625274
,,,-531.2694323875621,0.00017317480626738167,21.0,0.98,4300.0,0.0018090452261306533
,,,-538.6061077985214,0.00017309592397786097,22.0,0.98,4300.0,0.0018636037329504665
,,,-545.5687705574819,0.00017302370936138678,23.0,0.98,4300.0,0.001948312993539124
,,,-551.4012150253548,0.00017295545525748224,24.0,0.98,4300.0,0.001998564249820531
,,,-558.2588671483536,0.00017289076997704694,25.0,0.98,4300.0,0.00208183776022972
,,,-566.7005034372996,0.0001728115225395444,26.0,0.98,4300.0,0.002165111270638909
,,,-570.7114531628904,0.0001727529201801676,27.0,0.98,4300.0,0.002209619526202441
,,,-577.2570723320096,0.00017268678886391993,28.0,0.98,4300.0,0.002291457286432161
,,,-583.4121730101615,0.00017261792688488543,29.0,0.98,4300.0,0.0023732950466618815
,,,-591.143037174319,0.00017255629408538444,30.0,0.98,4300.0,0.0024120603015075374
